Signature,Non-Stable Change,Stable Change,Price
5uTKRFjqEzPheXbLxKR3Xquqn63SPAaGdE2MpQxjQdKDJJg1jRhPpmXtK8kK7Zr4rfu6qtQ5czskr4dSW4F3nRoD,3.5210596460019588,488.3726309998892,138.70047090921037
5eVTPmTQaHDuDjNGBN7eA9znKX3mYH8hwHwHFPgmJaVhBaGVdE4c8g4zt2kVTXkq9oZR7dbvPSziSQzSKwNxH2BE,36.00270917400485,4994.445827000076,138.72416664149907
4cT6CzAtLkWeReTVyHFS2Nn1HMobm2cnoqTx1NLK4qYyapwE7wNjDZiYb5v1SjKeBuRrfaGzG4Nny2XQfNcXQ1Bj,20.477405326993903,2841.4045619999524,138.75803680334107
8BGr3jWLfVDLjF1x3fiNbo5oiFNkPcZohxaLpTwXjpZQUoaSMApRTyU8SUmhecuN8B5EfoPAUBRubhrjX1rkamV,14.869004920001316,2063.5091500000563,138.77923647898515
4GX2EZvgArmqEgCbZhftB8icANrAxHq7SaisthtPiX4Stsg43pxrnyh8L7pHBSmNEGig56yQKfRt3XCbNnwMFwiw,3.5992801940010395,499.54521199990995,138.79030947146254
5ozebs734N3WW4tPRn7aPgHk8aqbpUSRf6cdJxb48M3hroYaxV5Z4U6UFuAf7grm9dKXxUxGTsMQ2bjUzg32gnvG,3.5992801940010395,499.56074700015597,138.79462561230423
5x6y26VyAyCUGeq9nmtSmvNbJMEFLqFLtub4xVz4ic8ZgpsyipTmRmce8Wiwp56wEYXBAnDShWV3KgYeSQ4CrJPx,3.598648184997728,499.48855999996886,138.79894180327722
3Qeenk6erVU6fF2UZJaDBBo6B5H97PmkP7D8ypQgkeVpJqgBNEUCkDzHeraJKjsZnSKWUAnRuiqxhiC1E8CMxdgo,1.9131767959988792,265.55323800002225,138.80224689918194
5BnZDTCra99e4vdJaoRqxyNVVFkF7wsgz1PbwAsudZ96E6bmjeueDR13BrRSb7MXH7zRXzekDx4KcNvcs4653daD,3.21998651299873,446.81309800001327,138.76241288473665
2hLUev61ahqpdtURkxQphAMGeGkJ3AvqkJKPo3SbYSDTXnyYQfL3yzguyXZd67EEkbpuvuC6oQDXYsMYjTtWHcZs,1.1282728190017224,156.54663999995682,138.74892434124823
2eUKppY9PM85iZytnq2rEskeQpae2MDHnzsHxQjnkYfhQKJzLrR3SjecNYv4N2bE2G6ob21xSVZbCwSfkW7oNSgC,0.10814597900025547,15.004723999998532,138.7450937955177
4pAvygqGYRCNJ2ZjmLQMcpCVtKKr6uRd5hnPxi5w6gDiGBHdjDhti5zGqefeVmYNtnZ12yPuEUYqTNy2rtXDg2qo,0.06685752900011721,9.276118000037968,138.7445533624449
488Z64azK9b1L3gz7nZMBMuqxgRVZRbygHKqcH9d7AXuuCkTovmjUv7kWao9zmc2NfNxRkcUDNqd2qcder5CUa6P,0.40483176999987336,56.16760799998883,138.7430833306546
5ZdsGjiWDbkXcgmBdtMbb71QsVFesaLsd32dYwEN3hHPMtaXjvJD2rd3L5a8jw23AGaBu1G2TxkuJqjvEEY89mzS,0.06829429999925196,9.475261999992654,138.74162265513283
3YJ6aWmyJHhovDZSm6oG3FF93o1sL7gc68S6hBb2sdWdHf4ow1otZNebBjvzH1q59ydyBZS7QeHt5zi918Z9zuM5,0.17553568899893435,24.353973000019323,138.7408631196769
4aLFKQ73oFSitQCwwak6uwPpJafTcP8oESbQbopqeAmLHjWKdjnsJ6F75K2Wq6FLHyF6qvaULm8uYeF2Y3KHMN45,0.5754914479985018,79.82892300002277,138.71435149498623
5F533UgUQs1t3WSP7HqLQdUCn1AZkainCPKUTcjwVjBCBkBLAoQYvv2zjnyRX8AmpyvwnpSro8HZB5gPJarfeP7B,0.053384618997370126,7.406781000026967,138.74372692239024
BJn3kgNyBXZygEetUNjTdamirw1weU85n4V4odXd1jcZULsD64m5qKvvcyQrMbwjgs53gQjMAJYMh1AdB5gfg6A,0.6665811670027324,92.48246199998539,138.74148652568562
4NSWLYaaHRo3D2DVLis6epoZ1sSbHeMDjDE87qkB3RVuCdeDYNbBoa6zRZCSeDJYSSTngZuE7fepnPyTWQyFseq9,2.394104014001641,332.10794200003147,138.7190949339446
56zCBHdUxj6XqE3sMK5XCYbbUsp6zSuuyUkg4vpTr1HKGrQCdKQptoNQmTHeZz6jA2gMbYQVckrYByNdQYWcc6Us,0.15983625999797368,22.181319000024814,138.77526288656915
2gSj6UWswEWvcYGFr9zEWsWcvZCNowWwGDz7j2RV1KN11Xrp7hAwupgkRbMNRogUvWrXHzthueVaqwWGsvxvVtGc,0.3801189920013712,52.75047500000801,138.77358435123315
2JYcHoCLFrgENZbY3AvyBwG217rb2dSfiiAbhgmPm9cPRQPcpeARazn1Dc8rMhB252pkpWv4MXdnSR1ATJ8aDAvn,3.598536313002114,499.4968200000003,138.80555218943732,1740585645
furCz4joiyPuTjTZhNCTiMvD1GiwSq4A8dfj9JiUK17sJLCM4vCdxK51SFun9vtWzkSN1vMUUyZmhSNLZqR5pHd,3.598536313002114,499.512350999983,138.80986811086532,1740585645
62EggUECjuhbo8CGcoc7MZH93Ag81PkBMhNi4HVNsJoy7YBQtFTS8fbvNf65nx5upWVuSP2UkQ5JQvwMUswzL2aa,3.598536313002114,499.527883999981,138.8141845880791,1740585645
3Yi9X9Wm3RRr3tvhxBP5wfic846g2PNU5VayP1WAy2rXZCnXtHhVx75khnquDke4J5fLd4cY6mLn4aAhhTfveYdh,3.5985363129948382,499.5434139999561,138.8185002318949,1740585645
5o55Mafmd6ssEZPcZoqSHfJSewvyKaz22K5k4k7PkwFccYNn8hh9k4R6TosamxHyHyq7WozNSEy8Jomfpxd4m3uc,5.931589765001263,823.4482940000016,138.82421519752998,1740585645
4dbtJCGzgW3ZipC9RodG1siz8nA3gSmmQDXBm17mpkEVhaSFfHkYRU2fjiRcwTfYmCMkYkd2Z9F2RNBE2ubLoSFt,3.598424451003666,499.5690150000155,138.829930099179,1740585645
3q9SLxmVPe1Wy1FmzFpXzNtSa4wiqVdRf2u3GiaVX3JcAtHudj2V5RMseHJSVXSoL5f3SmF541nhc3ki3rmddXAc,3.598200745000213,499.5534870000556,138.83424589197733,1740585644
26ZkMd1vWCs1tXWYuvHMUbD28mfrpyhYqaNMixNi1f5Zvy6EZgAi9NymgwZZ2agQGWo78i7ip1BBBXybLGnoKZVT,3.597977051998896,499.5379589998629,138.8385617196583,1740585644
5P3H2UAQfC7rtBJWqhHgsm3GKHZfEkdWMP3iNuP8i1SmFtpFQxVyH3WR6ZFjLFrQHGe9ZDfjVGiwVekLbXuVkPip,3.597977051998896,499.5534880000632,138.8428777561354,1740585644
VQGTFRxQxMmegySmMYyx1GcpgVH3YPgYZLvdGNzqvUrSoXUkfzmVXGMN65HkgAzTVeUebnbvxufpbWR1jfXCy6k,3.597977051998896,499.5690170000307,138.84719379254784,1740585644
4hZr9htRcwBqEE3Rku4NDGWT8S6yG8yGuvEmKSpCMLdGwzQLTjhhAWnvL5BhkkzWuR2KoQHWM5jFEg96KY8j7bxP,3.5977534120029304,499.5534930001013,138.8515097598063,1740585644
3b1wqSM3TqXjxByDL5G2zJkqd7gj9jmMScaiWav2cdxVDgc5ZdB3gYZmhpck5rEkCrpZvJy56Rjk9XnPSTtRMDJ4,3.5973710719990777,499.51593100000173,138.85582582461203,1740585643
4dpkSQT8VLezx9FVn2iSsHQCWFcrWz48ZJ9PrTDz6zi4xdnvgPQwcbukznTVcFykSPae3FMwUNHGn4cv2Gjbo3Nr,3.5969048319966532,499.4667139998637,138.8601415185645,1740585643
5JZ2Y19raMrtESWwtoya1iHKKhYDFYeKjCrMyW9KkXnqYH2XxyBhEhAwskbefjPW52MWkJFFhcDeiQunRpRP8Hok,3.5973710719990777,499.54698200011626,138.86445740570082,1740585643
5ypH9ExetH9wJt8iFaCGUrANQmrRanA4bq1pX89VYo379iTXEvwYMvJACf8FZx4xSmjgAisN1CJ1ZQX8VBp4NuiL,8.702660941999056,1208.554509999929,138.87183679274955,1740585643
4SUqxRhGMgi29VYKkobNaFJb7gJE89teDkGfuGYmvEmCU6GsQ3zbRxNzkiSMaAo4V1H8hBoiaXRxdx9LJzQLtava,15.0,2083.2908830000088,138.88605886666724,1740585642
5SDQG42aWsvAU6rTnJYBWjqoP283UFyDZwQPLYd9vpqw5KweDyMUmfXai7bwhCkYUVopDsQDBWaBoPhot5Pw6pcM,16.444967104005627,2284.286997999996,138.904929608743,1740585642
5fjFoG6Z13tXZ8eLoXPWQvbVEoGqm7t3nujomAFETureQeaXmuu3LVwexcpq1svBvkFVhAvSFHxYbrzex5tqgBzz,10.769624139997177,1496.1298050000332,138.92126461902927,1740585641
32UQJfTMtZB4rW2T4aocwqbcog4sHSiAK5dAj1SY9micXt4xWdeSq8CS9o6pWgiJZNioHHDmXKDpmTiJue53Bqbc,19.59995865899691,2723.208357000025,138.93949494378137,1740585641
2wSsQ67b9CWm3eVP5UEZs55SvTb6KnqW8JJuAeyapxDqxy1tM856X2B1mFjX5nQNPSrtsrmq55KqWqKWgmvva6Aj,10.741000000001804,1492.5447019999847,138.95770431056084,1740585640
rYquMmUzge1CgueC6Zjq2ttXT6WQeB4L2hAZAYMFWqNWrFMHSLNYs6U8yuHqnByrqmbtV4D1CE7mbtnF6hDgKe8,27.81945711500157,3866.3721199999563,138.98086163281113,1740585640
2DT6toT8YhNhCbqmTgiZnTtdZyZ13dPuY5G9uf5H1TNBU887CzHVv7QAfCkrFULrPkLLBrLsuyvFPYPae9eMHXeM,0.670124260999728,92.98052599997027,138.75117110557503,1740585651
256qVnF7Zim6S2pR1uBGQG9SubTGrmgt2AmTUNEQmU1KKSJHV6oBtiVG6gH4YWdUYUhShtLjUPNup6HiaRsqmm6Q,2.1329878640026436,296.88390699983574,139.1868711539316,1740585614
a6hc1BHZDANhzrcLL4drPbe3LGc4R3FPkoD2Td8WPazLno6L8aoLEvVVpcKYPW2KXKJ7sxM6MwbsmXA4MP7K1jJ,0.1700404500006698,23.59286900004372,138.74856835506367,1740585651
53aPKEbGvY2N3ugh6S4eoJFJCi8fvqJMuZmZNVvGrqnBhNsmR6HpNtQT3SaTdwUGhs2Fj9W8zR9EuBPTJYHUdGLM,3.9292911699958495,546.8914060001262,139.1832221995154,1740585614
3yUh14c9QyiRF93fijvcV1hAWTKRC2LQYhSN6oVN9RJeNwsxQKr5CfnqjadyVWsFSfjt6f1rogRPEjDsk4daey3S,1.5304603050026344,213.09598399995593,139.23653119483495,1740585616
2TQ8s7JamqKDdXnQZdKn1WYKMWMaWtnuVDJU3ub2pXWzBJeNxwAZgBZzX6smPQCF6tchpr4KzzTHiMfGSHiPJka,1.931867647999752,268.96587800001726,139.2258306507195,1740585616
Pp5XHnjGH4b8dDL9SpvtoBJ4ErdWG5mZKCdt9ffhfyWfDUF4McyUA2sot2gGKnrF8epjXS6sUJ6nMwZar6kWMmj,1.940692277999915,269.7694860000629,139.00683228259578,1740585640
Xen4xAMwaHttM54yj7VveyCvTQL8FSYKBjz2AMnACJnWWjzjgJHLuXcZnuqYtEUChHBbJ7aGr6k71wxxAh3uWkz,0.18812670100032847,26.15365200000815,139.02147787071698,1740585639
DF16fT2wLmCDrMkYYRMrQvgfdmKGacZw631W3GvSyrH4CK67ysXXG3qEDUTCtU8KboSd4ePQ77jFMYRL8zg1LmP,0.018684470000152942,2.5998120000003837,139.14293528149864,N/A
42JdjtVMXRXjT2h3RiMuGNzVm7AESmrK4NVrWhesakNu5b2ejXNvh91KrFSc2ZY6HYZ3sh31nW8GrjBAgLNs7zaW,0.067005764998612,9.323398999986239,139.1432364092757,1740585633
3c7QRmUg4kpsFeFwUYCStu46SEMteXYrG2rx8vnwWJCUKEHe843JxzbovyRujwtRTt4LcoLyTVwo81LifATVJ7w9,0.6979382460012857,97.11731999996118,139.1488724917681,1740585607
5ZWt4pctQan5MZiXxQGK56ywR947PqrFWC9Gn4upedxtEoswMwWt1VsejtWqC8efio16yuJeaYziLZSL6UJDZT4N,0.48182986799929495,66.98692199995276,139.02608876884895,1740585639
2qxL4pATAcuqRhdRqEW7GDpynGDtmTSh3SRBXZuVqnHkQS4nnn3rnDSYV7H3RW6xktoY384METYirzCzpUFH1tDa,3.5911646530003054,499.72687800001586,139.1545435218376,1740585633
27divtcK1vKP4TjhoijCFsyNuQSMNR6KgWAELuBvpx5carzT771odEHRZstjG1S4tc56eBgaRtgJUR8L7xSi9iTn,2.8628533680021064,398.44945299997926,139.17913416503214,1740585613
3rUMgpL7ADUADGBoawW6x7g5K4Uxqv4PAgy8xJ7rvitRiMuVBCDDFJJfbr6gVZJwDcLFjJS2ixHTMCBK9Q8qBjoB,0.31771185400066315,44.14659999997821,138.95169300131326,1740585641
2cjdpKFUv31vQvtjtqHFHbKM3Bhr8y76HrDiuoYc7qVLQcvRVoFrccq9HDCeBHNyQuRsQZGAZMgMQjAbQNi7tC8i,3.5912453870005265,499.81777200003853,139.17672510189993,1740585632
5Hkb8X6vcfSU6ZmFiy95qC7h2axbcSj1N5nh2NhNuaQMTcRQwwTSzup9U8LhjA2wqTa3KBbsHrZpR65tiWfsADUs,0.2900697080003738,40.24632699997164,138.74708695855887,1740585651
2MFmTcteXDKSyGS7Yx2wCuZManFfyzgptMm9SVWopBJ5LNtMjKD1u33BfQJun2u6MLuHowe3yqgV8rPMdzQphU7F,1.9264555409999957,268.0241040000692,139.1281025156395,1740585634
4gKCRrfoSvShBfbvtquea2DV5fmxJkLfTiA64GPcgzNx4huaD3ei6Pdot72EsUcQVsWhJwRdrrDx1v76EpMACKVd,3.5924895810003363,499.5505229999544,139.05413272231496,1740585636
2J2m9ZqT3fnKz92u4ukbTJRpxFxzHi9pJ9GBPToLahyt6NDaE91K5qpkqujxBPZL88UiF7v2Y7a7c1SWU3HfLTmM,2.6093970049987547,363.21730799996294,139.19587832137344,1740585631
5n52ptcE1sb31FK4Nbg1HMFRv5ZuJz2tXps6vYnHxvPZxfCtewMKghevGAJ8AmULwcMpChHHGhNRhbH5zAHMbp5x,0.5370582619998459,74.72901099990122,139.14507286720163,1740585634
654gS4eVbLAXGENmtDx3xirws65EJdV3XXGB5y3m9C9YcTJkxEfbXuWBq5qFQxkWhhVMZuhLeU3ZKRadKBxRSHVp,1.1249600199998895,156.54552900011186,139.15652664716674,1740585634
w9eoe2Z8KLBAWHFqeSm35jYvMSqJjv1hCj9xCg8sx3yAV1cKNDqrGTis4KGcVcUTTvbkqM45HD5TysFVAquN3Nw,1.4332752650007023,198.82807599997614,138.72288237659546,1740585651
3cnsR31quu4pdEw2BMtPtiQTVPbucr2fat6TigXe2SYbVKNg2MfKYLxiwCVFgKooYomin6UM2wpoUoNPiWLw2cNp,0.7815182829981495,108.78887300001225,139.2019551771252,1740585616
4xQ6ux5Zz5zBT2DV4frR727tX2ZQ9jTRABtiPQPwk87BbcniwNkkKzDWMeLLDVdQRbBPaXPipmUwC59qdn9Hp5XS,3.680949972997041,512.4633669999894,139.22041069814924,1740585631
3wn7vj1dG4yuUqUB6pbcRK9MKAVvifzYMzQATn5ZdFKfTG1XUTCqqBdimxcTFS8mvJaXfh3BrXCmW1pxpt3YFogS,0.32969705000050453,45.88280099991243,139.16655001869813,1740585632
36DMaL47kbXTwvHbbjpNPcDk1F8o6uP5u28Ry5KJTVVfCpHbF2XRPW2vqdcdRKXShDQdnypmu4hQyiLfeUnVGQds,1.449762463999832,201.64578900008928,139.08884662647233,1740585635
4vJ4cHJ8cJYqTy5NYb6Xs4iEyUZKDhoysEF1ar9n4NRrdAHera9i5VxnEuvwUe6xLHMvUNS6YKhPXiGQW1KXQKZE,0.3924708889999238,54.62077300006058,139.17152719082608,1740585630
3hnbVtR3M6FBDsC5b6usMmNvFV3LzFyPnAsXZEAJj7sP1AsRd5SRcYoGph6xncr6bbyTcwLjx7ULBqcm8LpQrtU8,1.8271155869988434,254.2268290000502,139.14107613609403,1740585607
4wbYLF3pLmTobsG9ubxQ4wee1yKDbLhpoYpMdbXxiUSPJfZtQJ4VNxPv7fa7eYWTm9ACEWfU22EBjybmTimo1h4P,3.593693924995023,499.5845580000896,139.01700267943144,1740585638
2CMFDa1WhxJW2wo23LjjCEnL2CNKNvb7eYZpo6o3Nmk2B77ncoxesQCGfeXvVZQrdpVxnafn8tJrd2ptuTjzD9D7,3.590642372997536,499.4140020001214,139.0876478693146,1740585635
5h7DHZKZEbWkapSJ9wjP912VBieKxgX2wXfoHBvEhM7cV2Sz7xyZ5r8jPc87j2i43mGHNndD1nqaYfMkNNqAkH4M,3.590642373004812,499.42950599989854,139.091965759306,1740585635
5c37qZ1aDHmZGgt78HBev9fWUkCdoVVipNETLiPTT5PgB61KaPqBVngUzp8ZobZVLsiZFSn2LwWJqq3oUkfoQB1i,12.041796133999014,1676.8731360000093,139.25440335810842,1740585620
4oJ9XvaTnrJ6pgYM2gtLigquzJn6aRgjEH3xmFgm2zLXAsWFFNtsev4ddVJGEpkVp5DUfcQhK3okSki1FUYjWsMr,35.901406416996906,4994.449860000052,139.11571602486066,1740585634
4akAGYAz84vVCpBmGdZ5AGznazoGbe9WEPZA2YatsM2JHNodVHyhh5KF6krDW5kAWLDhDYRHoBherXVa9BkTRKyB,3.5905309120025777,499.5845669999253,139.13946968953616,1740585625
4xmLLEhBd25zjrgJpi92mhrkus6uJa4oh4auhHK4Sojs1WPc6keqUyDUUjJS8dCEdW1jzDaFr1qS8aRkKmqXyfTp,4.994547053996939,695.3333600000478,139.21850219502886,1740585616
56aZUHD9j2JuLsAVUbuSXmr9AmKM7PC94LxJhVX8m5o59z39mrPuekCoveihStVAk7wbAgYmuJpqdybvKaSXVDnC,11.714195765001932,1628.5801270001102,139.0262003189121,1740585637
HJTwWQrD4DTm1FAHjdo2QvzevR26XsXSmXu8mkTCAgLm6R12aFZCR9SQkX7mQXkB17fsowG7ZBQu48WsXSiG2yt,22.707466862004367,3160.920809000032,139.20182414926666,1740585615
2r97JXEduf8dGSXx3CGezZ2aVinCTspapcdPGZ8beiqJXcxbqjin6EyaYb3cEqNpRMVcrkBLpooYEeiGcwTWCNFg,4.8936203500052216,681.4082710000221,139.24420414004837,1740585616
2QiH4cVT5KpsKQbuDJt8B4RHt9KUZa2kpHove8QPj6aZz1F7FLztoX7RYZYmivXPYQmvZt3EPMDm9z8XhZ3783Jr,7.506881102999614,1045.2336210000794,139.2367358239393,1740585616
5aLpudesUcEGsV6xB5bVk1oWRAthRGGNx3Fj5B3NCgYCvgtJiVfA3F4mjua2jCboqrixmWYa9WViiGe5kqFLPqZk,3.5903080069983844,499.5690600001253,139.14378906387518,1740585624
4omCMyNS65aAYb7jdxWFCEzWkaCXQaApjLf7zagTwmrf93tG8USnwhsBTrC93HkRVY3rvCVJmmt1Y7c6Z93TwAZv,9.075225735999993,1263.0168570000678,139.17194940836333,1740585612
Fzf59eLKdGCxCz7cQhRDKj5Khjr8o24hTYM7jt7CQjSVoMTkZNfMb8k5bH1fkfeFmfnMGBDs1G7sQ98cYA3Z5is,35.914780666003935,4994.123507999815,139.05482409717544,1740585636
59sq3HxAMCWC3TrNshmeoixnjTDtY11UuFQwmA4fh9WGTDFDnCH15L83LemaaXgEJ1YmqGsa95S2BwBuT6PgjFqn,5.375999256000796,748.4948799998965,139.2289776015895,1740585616
f3cqXJrkg1stqMC9LUxHR1QxJ2uRRYXjNNWe9a3VQfsrJzWbv8ZwD95yjXARiy8C8LmVY3676yxU3d6bCi4j9Sd,7.548499603995879,1049.8525010000449,139.0809506626051,1740585635
4JESNmycNEbsZksfGvziUX46EEFCvc66LdHw5Ge2ohk9ERqY1ckBxP76vDVxtHScHBnYq1GbUWsDhHNGSbLb6fbp,3.593693925002299,499.522486000089,138.99973020094345,N/A
4Vy5a7n53P1nwg23LzpF3BWvUnGzFTatJu3EAB1aQbFqA1E1txj6ZjyLoagGjY4Cj4R6Y1JTdxmcdwevjEA7oAQb,3.513204623995989,489.12108299997635,139.22362496598342,1740585616
5FXZkXmftS48viHz88H7yTJZ6beaSRjFaFuzM3CUzN7owQrdSRwZCJrEPtfEqHQqZiYXvczuwAPZR9So59uBr6oU,3.5903080070020224,499.5845679999329,139.14810847025234,1740585624
3yjr4Lm56ffJt2ASB95M6evBV8ubTTAUADHSfPBQg2SSCnkLn6KJRivS1dLa8xuntijN1eXExct3oMuoc45mv6oe,3.593693924995023,499.5380039999727,139.00404832074412,1740585640
mnfhAYSEj1T5tenV8Fu4rmnmbywTXSX913HuKq3UPh5avPPacjAz5DTyyScTqD5RL7mccC9R1MLciGWYNqLnMw3,3.300176498996734,459.2674189999234,139.16450200149671,1740585600
5mQrtwdmPGicRkMrn9X5czS6rKm2GhtVztPpc2E2KSrjVbV9eBbwFLZNnN984gViHcWWACBDDaH6jtJNRZnqD9yv,3.593693925002299,499.55352099984884,139.0083661617146,1740585640
3ZxiWtkieoRzKZSJQeke3zhFARgPUA4JBXndzD4RG4Bf7uMNw3iseVDmL1BjnitpGd8CxPo5ujN5w5NyHG6yEG3D,3.593693925002299,499.5690389999654,139.01268428129862,N/A
4c7M9cNpibdaucHKwWyXmBspjYFceGoH89Ay4swPQ53UJjHfkJXJ3xyvmqZ1B7qDDJ5RqirkpadDiwxqtfykYJzj,3.5905669560015667,500.0,139.25377416072388,1740585702
2EY3mL4FF1dqLKybXxZw85wLZQSzrj8z6T5g7KnuZ5CUFp9TE369Amcd65AvBffG2bfQvb9MF4pr9h28VEC9nkZJ,26.975276199998916,3750.664880000055,139.04083325012277,1740585594
D9esgEwVCzKhNUXS8cFgqEwvQ3bCTje9kuSiRDHthNPUNpXZFAXBP8NauRj34o9F2AbB13A2q5npzTLczqkvG6J,3.5906784560029337,500.0,139.24944996511587,1740585700
2UurY4PhFCwJP9G9dBLZxFvwc1bAvSvQ7uUeWDtX4NLTGkELnse6WEyvBqfc4mBjHeosJVW5GVDTu3aqxpDH4Um7,3.5812346239981707,500.0,139.61665528682641,1740585736
65x8reJ3M5XTVHw91JRLxbdd8nKdVzdzbh4iw9c7afKDQcN45yPXCP6ThprXNvQDMzuyBVDUg3cCnh4VskLZz4mT,10.000458263999462,1396.148457000032,139.6084479474317,1740585731
WpydgnKbmLvczPzqnLjcFtZor3nnBDRgzQhddUAajC5MfLSS5xKnRw39od8YFpTxM3iL7fC8J9dQtbuZsqicdBp,4.461254212998028,620.2122149998322,139.02193988247097,1740585594
2BFxSWFFWW494YDydD5Zf3yM4DaupG6etQzo4xtsRgrrUnJepTJECckfcpdNGnBPqcUqPgiYNNvU1pnm98fBn7A,18.04836419899948,2507.9446650000755,138.95689589082565,1740585541
4LEENGC5q8N4SpRJFNcBw8HQ8yPHaHphuYDvqiQd9FhrurB3LXZ23FDfZNYBtofhqd1mQ7JsPSgGmJvt9SB5Gin1,10.24581341800149,1430.276757999789,139.59621356044306,1740585731
5tTtoNQGowDkUpxhDVPmWdjnnWZV29E88NjjBqyv83URS83AkwCFTVqvJeDr4dmdzyXwnQd4TeV97mWVW7vLQPv1,8.982597514004738,1248.7055650001857,139.01386130830565,1740585594
2veuoXdnATUY7egaSmjFcWma4U4vGprABYcxWCsJvYWau85QM2LqHCfuaSDpQYEV1DpKM8REabs9gx15UWphuQ1E,1.436020697998174,199.61779399984516,139.00760224286057,1740585594
4cCd3Cg3HfriNhVK5kLBfFT6vMnJ5HgEu63SK1vFgpogoY7seXwUjmyDSXPeMumfXU9xzw5YkwheW8oLSbriiMH5,17.567763363003905,2440.7861520000733,138.93550940810965,1740585541
51DFshu6iqYCA1M8FV68aQQRJzR2zE6U3eBRKYPHTWZXEuHpuuesuKdUNMN5fnnyMmpMSBh1onXKECxC5hhaMZnc,3.5932809109945083,499.5845580000896,139.0329813824158,1740585788
4nYGP5AfGpvNZA8V7dQ9MLSy3DHvxuJDhXqpsrwnEF4mD7eum48Vx5UAzPDGCPxjXTUtwgfZmXCcnbyaVgwR69AS,3.581973446998745,500.0,139.5878577544841,1740585730
5DVnjDvhcAb4VvwanCTCzRUTdYGv9rRNpaMwRi3DFS2qQ4mmae545tgVjmqJ91rxKhriMJPgmQC2pX76hpqtET2g,3.599226407997776,500.0,138.91874067409572,N/A
4W2FusE2AbURN76fLT5kVvWnqJVK4bX15zagHFEpvCS4gCN81S4Bjh45ZVwqFFPRG1C3GVu9SapfbqVL3wTSjHT5,5.745970887001022,798.7088340001646,139.00328590370435,1740585594
3woEBjsszyRY2fN9Jr2xhtoHGZZA29aQvt1FueL6LKxFnZdTyU1YdvnYFzhFKCdwymSfXpoEXEjowMcGS7otZBaz,3.599121234998165,500.0,138.92280013742158,1740585540
hkvcfNtJeprcYAauGpRPVBVMEJQ42SS3GT47j1bYHGK2aPRnF673nNYSJecaD6Pv2FHVB4RMtzxyMkCUUgMcCYb,9.36711146900052,1307.4617350001354,139.58003375181815,1740585721
5a2QxaWvR3L9q5iYzzuzMp12M3sKCg5jHQt8dxyYSp5tKWTTKY9HuQXvvFGgAuA7rW5zaViSvyJaw2qZeuVDC1CQ,15.820989503001329,2197.7116849999875,138.91113982365448,1740585540
64FAb26uJbnRGyp5tE47YZvufdt8avFwdZU5uPJ1SK2VxyS5gyVsWrL1ggJQXwK4q8rqPs9QkoGXPn7S6NbhUQK4,37.71343181199336,5250.636555999983,139.22457606550176,N/A
65Gfn3ghu8o2jmTgNRF1bTDHsZPQjGcpT6LBChxH3NogPFab6qvqSzC726YrzVAzSghxeHJQ8nYbtzomPadVQCsN,8.52678248400116,1190.076398999896,139.56922218115,1740585721
2ibvChr93atqgsd3eKifqTzSkkQAnn7x8k4zD5Qup7yqmUwtLa6XR7JFao69jsZsgHpuZ9Te74MZ2SJ9fMddJCma,30.589712742999836,4248.399498999817,138.88327539041774,1740585540
wqhiuvjoQHyd3YsQpCy1VQ45Fj3kSFi6hxzNEdFjxJkt7BJoRpWei2stj5xWhupr6DzEYccipZsSEEcNrz3YM4t,28.920416672997817,4035.7458290001377,139.5466004045578,1740585720
BgKNfNYtKCtPM745bz7JKLnu2z9kutGQBX6bDMouohQLiaFedz2hASu9HVPTpZF6ojPdnb8oAp6Uzms6PSbM8mn,2.6745972790013184,372.30463399994187,139.20025901580166,1740585699
5Sq1hk3NCW71fY14mv5h4PR79w3QNU8KmYUb8pbWHNRtEqW774LwNLNTinLh7RYbBmdTcxoCbcxR7z1in4FjWSy,0.3599287990000448,50.0,138.9163638444885,1740585682
4KNQVBz9aUa93yL5C1N8f8Lfu756bBuiDtV1cWuHJ8qGUHFVamvTjcopx6aPftZp71NML36tpCqL6B2e2siXmUbk,3.58353664400056,500.0,139.52696725930895,1740585720
5jJTDc5uu4vVimTXHDuQTua1iMdoqp3sN56VGzPS1KMULYfdwX1ceueK8AaDpFzqdmkCoh8aLuimb8uU5ciBfaBu,9.280079390999163,1289.1011729999445,138.91057594294463,1740585681
4sshmDqx2QGzmhSXQG1DDmwNRHF2dNZqLuJztMMp436tgfdU3aUDUWX7Rt6F98K9LZVbKbr7qRPMnk7vJrdcrwUw,3.597182536999753,500.0,138.9976724442311,1740585594
53ujRpqJtm2ximXxBjh3KUto8RPXqDUGWegn1GV85jAWBfozr9RgrgsaCQtreFGvwvs59TrkpeRZXhdRVxvSQjJy,3.602187081000011,499.53110500006005,138.6743924641982,1740585847
2Vyn2JhUCcFqo2SdW5YuKvX9qvg2Rp9sj8mRXqKvzJqmRfUWKcUHSs5w1ncvPwEsnGVf4cHhWhVnfPGNVkz6Z9dQ,3.583647818002646,500.0,139.5226387727676,1740585720
3NmxjzAehg7CM5feN6tBZaPicRuvhJCS989m1wYT5j7YNK5DK6umbVJCPFJsBqfUBmXAB97E51czRJToGe383Ley,2.922381882999616,405.8111570000183,138.8631511031276,1740585540
5XCeohRxpsZBvju9x1dHXbwFGtAF6dHFDMkfKovjR9dMFAVPkTVdUxESxEXEtmEkDZsq2iiVK7sEreU1vH1XAfXT,5.007499838997319,695.3333600000478,138.85838888799216,1740585539
xKdCXgQSD9tRGL2Xs5f7RiYMRPsCT631C4eEk13febdwRun68PKepWQtsheahRUPHo9FAsAqgzFLioENiZSwSWj,22.960333771996375,3189.147099000169,138.89811579698463,1740585581
C6ZMnU8UBdCHRv8uoxLeFqxAsP4B4wEujv23iHeFSCTtyaCnvwk7GiTsxWPRt2MFXp36eH73am6H1dHuNgXAUQQ,9.483575136000582,1320.0467030000873,139.19293980063074,1740585699
2FiBkXMyHAiMsrcaGJNDMWnMp1FX7zNanvLeuenQ7DoeA9qu8LaTSnUCX5tWuUZBeP7MnGKyr2XSiGV2zzyoQY7Y,5.188435501004278,719.5306470000651,138.67969388089958,1740585846
5hPyuFm8Km47PdTJJAvrvyJa54R2EVEvqrpXD2P3ksK5VKLVcjMaLUQHz7p1sV7XgtduVe5gvDsy3HRDK9hcCk5n,7.084999999999127,984.2209119999316,138.9161484827174,1740585580
5qSG8zZcz4JhWKuuXchp2427sYwThffCEWQvApSadhZd9UYLQQKF9GGYhdhHPv9eVVCDRux2MEJSh2v9fzDZzRuv,3.5996383300007437,500.0,138.90284360870686,1740585680
3xxj7XZ74Av2i1DGauvFFM38tMnquf7TT4UZtJckwcWsWhx1bNqwGxARTyX3W15JcbeDcywEctc1x6hnaupHF3H9,7.154236522997962,992.2002639998682,138.68709271916683,1740585846
62gJzudCzgF9b7mQZTX1SgmWrdhGYnjwgSBPeq44d2HsZUk87ZQhtBwczzwEESPRQSHyjyE2kijGVkR1RvdMQppn,3.6020749349991092,499.5845220000483,138.69353942248617,1740585846
4LwhbihoEHtUvTGALh8P6TrxjxdBBTBXMtAqX5oTSLhSK7w6nJmCF2TAf28enToYdBsrHCnjm2oHdkbY7hwCDdHF,5.9980000000068685,833.9543939998839,139.03874524823757,N/A
PCK71MHNKdzVWiy1ExguLKiV62AtzRqiwM8Dj1Rjhd1nkKhMw3agZWqan9enMxg7rtmVeuSYVNKUkDwX68kTCmW,20.696796844000346,2870.8134749999736,138.70810525118404,1740585844
2V1QTSKJuHNwFQnWudtPhzfr6Rnb4axKbs1dzpsY44nRTGEkFTB5ScDwzCuZQ1jADjc52cXBFB1sXjLQSMQ9mXa,25.140896750999673,3507.2881809999235,139.5052935357393,1740585719
2ZZXMGmsz5FakcStqzne14vL8VC1H4NakoFDna6DfwHGxQunKVzdCJGvnPMfyzdoMYCHJSS9wbmsv692T5keP96d,0.25430832499841927,35.31204099999741,138.85523016290128,1740585538
xVG3YiVwPc59HsJS3v8b6KuYbeuw94yAVcd2kCfbgPwSBFrNADLSrjqEJX7Ka8BVXFHVNvHABsx5fGDwEfX8zmT,3.5845390249996854,500.0,139.4879499184819,1740585719
2qRtCcxEz92ymuf6dGFoMzNeHHFBw7jKAGsEuBKEaXArYs73MH6YSP7pZTqTo39iFTuHVsYvjEzDS29nJyaj1qsq,16.067604079995363,2234.2325890001375,139.05200662629113,1740585787
3A3qx6YfgxDdQRu3jfZ5oxaAXVUyNXLX4uDpKfhPyMgSADTa5yPH9mNcr7HzPTp9CGKJbnh8qBLPEPyuMtzRASYv,5.560086404002504,771.3165730000474,138.72384652957993,1740585842
5mG1WJzdRFVpxJhhzNsUVTY4zABfSuoxrjUfWHxjf4weT29vNjqZHbQUHyfiQPgvKtannzh6PSBjyfnPR7UgrP34,8.810443521004345,1223.996947000036,138.92569018596998,1740585579
2RXLpG2doL2E4DFRDNwNSvpLFcPJMQd9NYhQenA7QRAarpMyntWBQQFnoS9iAk9DrFzkD41jihUmhUXJgrmDfxV3,3.58465024799807,500.0,139.48362194588898,1740585719
4dYJBbcnJ3jSSRNU9xhbdNsSKVyDa8x3Ho73dzCSrKzvPM5MFQ6YxsceiUCU4xWyJR9d8td8hXGuxDHkMvMSQrhj,3.5997503320031683,500.0,138.89852180991755,1740585680
3StSciSgDmWSBiwLmB9QJTUNEHEyUq7KxnfNb3vFax7EQYHPzBUoDYFnGrPRmJ79r9uPyefyBKY5TZ6exP74jJve,0.0004491260042414069,0.062455999897792935,139.06119732096965,1740585786
4gjvrgkMiQkN9yxqi7ogPQYS2teTDRRFdmH6NzWaHCdfYmV5CdFsFWUFVvP183f3RfRpEa1LeeEqVVBNAwARQMxF,3.5847614769991196,500.0,139.47929400830336,1740585719
5Htw2peJ9K6GWDn1tB71XdwNUoMG5rHo9MM9Zvg4gRcJw4KHVYEuthntJzReZeSum8vfh2SML7BQzKPxc4K82RaU,8.361638917995151,1160.028513000114,138.73219405631198,1740585841
6VVBU7nwbzwXbuvZMByuLA3dWr4me1QT5SkvYJEupHG18uWYMRyKE2tyRgWh3uMphTqFD1BqsWDWCZjuDH6D6KN,3.5998623389969,500.0,138.89420008747467,1740585680
bb48ti2oDfTn1VNe3YZJwkCxeDSBFTA6uhnXv1xkbdvHmRpeNSx3egU2TPupQYfZG95rFCgM2DpKKrZp7HsfwLD,0.4137591059989063,57.53813200001605,139.0619110632169,1740585786
KsjXwL5anpdg5L75c8HSWAb1W5gMpRmjDLm6VijrarLdRKWnd7Esfz4ucrFeEVx1xHM6Bj1wG9esCnknSErxAht,3.8144482690004224,532.0195150000509,139.47482767657687,1740585719
3R8Zrago2gnkdUJ4japwtRoEb28hEBHzB6HW3p74q7wa3vn16hpbgNqJngcVbibJUwujJ4AnpRFcgTJ4YRS5hqan,8.06916598299722,1122.1548069999553,139.06701254683335,1740585785
27yHZd2Ra8gadFMjmU5pZgP1UM88UpkTioUo1uATv7wcR2dV25i1DLR2cDyXcEP3Cg2NLw2xdqBN5c2qKiRBww63,14.945895525001106,2084.406965999864,139.46350437905323,1740585719
39kG6VianfeYK38hpJoPR7JmUFMVeZcnhwbh952ibQuEfMXQj3T6tHVca582jWHUaH9jJGc6J7JWApseWjMG8Xi1,3.600885129002563,499.5845249998383,138.73936743386815,1740585841
3zuE2koS1FnzxuVTEyicNH9yFmwfstzuadUti8aWszeSGvZGMBvHDtyRJJuXfY68bkQ2e7wHu7kytB8uStAcRHc5,7.115209122999659,992.2172660001088,139.45019026816823,1740585719
2CKnyDVJnjFhrKbAXcHsHa4xVNtyWQS5sH3muNNJSxSR8G5sFRwFewYbT6E1DRoqT6pfLzm968u5AtM7WiQWePYt,2.375249338001595,329.8120409999974,138.85365031928953,1740585538
28epaiNmT2NWUSmhmS7ZpxZJVko5HyaMJK6aFwJzQtvsJPoakuzGjeFgfbFMLiMMYtWiEivWCdXbWdmFUVJDKtrG,4.03957704899949,562.2477239998989,139.18480008672063,1740585699
s7WawQznGRGEysxa6sHnTWjtez9JiZFrSNQp2TkMPiTiPFHdhC1QBkyHFCqHPLZeHDsgSBVYKTwqzudKjNrNrEw,8.363657388999854,1166.235495999921,139.44085006803252,1740585719
4eyTs7GeEc8nTFDMELXZVjfmkLXhf7aB6WBESfzguakkSBnMDRDzMXQXDGcQw4vih8zHagzRG82KY7WREfDyHSv1,9.222995897995133,1281.4109179999214,138.93651609218114,1740585578
2Qqn2no7TSGGqe1MXMgbY8Lg1ujDsK1XeRZMUhfFKgusk64QbrdyP8XZVaFGJvojy5h5qQTM9ZdEi513XFmd1gwA,14.926011323004786,2077.303528000135,139.1733855111366,1740585698
4LSjiq2935XTdAZ9wMG6RdBUoXdsw2FPUMmis3y4nPHcu2EEZ3ZkdfNef3myMYaV2rPo8isuocTANXh5Aca3UxPM,3.5859352229999786,500.0,139.43363973588515,1740585717
5FF3xiY7pV7LvM7fGeQ7hTq8CKwoBbQ8WbokkJsTAyLD8mS4x9Tefam9CGsPevqoyia5mXpQ2zK1pWkCcWgJ4jo9,4.965696068997204,689.6808539999183,138.88905893896074,1740585678
48irvmvTh6iUrGpmmuVEjEDGx56Uaze27T9jgWdJayRVcHqsKr9Yivh9TCY62DFEFncqHDc6hbPDWNuN8QG3x6qZ,3.5860465110017685,500.0,139.42931260540848,1740585717
3Gy4g3HckQGFbvUv3upwWn3H6QThr3eyMMwXZW54h4K4sTSVKWSnxHEMxETVfwubDqSFEGg6KkE7h1Lzip2cad8q,1.8005433350044768,250.0075000000652,138.85114295204875,1740585538
5D34rabRHmSdPqK9fciqnnhK7swHDcFdiWmLAtuozSr1hFKExe1RHLMR8T2ZhvhLBPca3fFAiCVMV5ZKtcYksMvV,11.992883778999385,1667.9591630001087,139.07907336856334,N/A
3hrxD5dYRknU8fxBbNLLaaH2U5g7U9QhJ5nH4D46wQJe86nuJWKtCmctinghSSoYj8oSpCKDcLGuUcJ66GYkCffA,5.071372446000169,704.6423299999442,138.9450957315709,1740585577
4MaXVLgk5VoBGdHJTJtPtzEmTzYniA8dEwd3UEEaYzYMQ4eioSiAenDJvLZ5ZtjmAatHbChhvq15adqCuu5dghaS,9.631414611001674,1337.6136890000198,138.8802936042338,1740585678
ZcHxcrbwR68WvMGWT8vUjzh4aQoYz7cuafMaq9iw5Zbmap28xxQucH81WNjm8prmueJApXocowF2cxD1BDv2ksj,14.768345625998336,2049.30358099984,138.76324626315804,1740585840
39SpsycdaJDyTdHmjiEXrabWLCzKKpSEhmaT9HnbAf5CzcuiK4Saa67LbB5gHTDdJC66362rvvu2XAiGoLeTqae5,6.519187676000001,906.7551409997977,139.09020357520347,1740585785
3WqEk7Qj36LTWgLDYR2caL1Xw4bxv7eLchzCBMDmVuvGPPCDCgD6gDZEPR6EAqAH6BPdjQpJFx6nJkgNqkt6qkRc,8.477534352001385,1179.2184270001017,139.09922131093583,1740585784
3H4GYTXQiKT559ViLhzxz6TKtmhatLEeYPFmSKHcMas2YSSeBqGPf7JRwMG481dyPw57K9yfwKXHtwWEsogapWCr,2.055356231998303,285.3838039999828,138.8488280313923,1740585538
3KnnkCC9h3ywrBZxo7YMfbJoQNdaHm2At2AAsh7FvVxpx2CtLmNMDZgocPy4cEnGxiyRyzGRQARMdbewX38geE1V,3.5861578049989475,500.0,139.42498551040387,1740585717
qFoKvbTWamoatVVy11aXHycop9sgWtjnfoBt2h7nTsBsKAAmkQpgCQvJvLZgSNSR9xLJDt3wpjb1prHhNYjW3EE,3.5929286339960527,500.0,139.16224087198202,1740585698
2PdJaF8tKG2oWP23rigz97J1q3b15A4zw6o77KzA7f4PaGgGJhBCtxjTtahgstBZCrfeqnSHQgvTvgohWpCFiWxG,11.42305298300198,1585.9850790000055,138.84073560369745,1740585537
66qMM9WVhX2tsThQ7jKayZ2rDDK77Wbc6EiaVukexQXkvjzZCBjVhHtit6EpJMVN7gX9z2YpFgVVjUfmw3R9JMaS,3.5930402770027285,500.0,139.1579168205412,1740585698
5mXwvLikqaQhdV7axY932WT7EGft27vAcCDAMGVAuXKWVTkTWNrjDZiEA3MjTfLyNR9BH3kEwon4nRUNRFpsPauj,3.5862691030015412,500.0,139.42065852825243,1740585717
4bvUCatxgWtK85uJurCT5FG9XKrKQh8rXhStCmzGUHZSgstMuVGy34dWmtjDV4kc3rjrPN5B97L2rpXa7HgJDv27,3.5931519250007113,500.0,139.15359284450545,1740585698
4ivKDKHkbZzVXvi4HQBeEwKuYvKuXskAzFphHi7CDqu1XSzX4pPt5F1WLV5vUapF3DRxAaZeZ1gRG9DkWXtK5DfT,2.137805227001081,296.8839070000686,138.87322532957697,1740585678
2pikJZNjWawYkpDWRwP43Nmu7N9Nms8kVffKCx2mJguA28iUfjPGYRrihX3LYtjhJ7sQzvUsrpowgxqDBFgvPnAB,3.593263577997277,500.0,139.14926894360403,1740585698
2qgTWDQkr1NGzkkNjqjukwhYtF6pzmvddQo8hABbntbMScwsVqVguHKKWF1KKVDviyoTBHFFQeRtVm9oWmtoAQve,3.586380406999524,500.0,139.41633158160022,1740585714
Jx4Qu54RiFtQQKJ3sQvzhm5pRoPkQiVFKRovZ7RocFdRRPuswG1PweM2YXAUmnh7MqqCjrxpcEHqUgi6cFmQ5PZ,5.086884415002714,707.8096829999704,139.14404677889516,1740585698
4LQEmy8MpRTY4cmgvL66VSv8riq4SSah362aA9P7TMxLBMnc9myAgFkGw5Uy5VGzHmF1q6qpwrXrWQriRosqTKtd,2.8692217659991,398.44945299997926,138.8702183015937,1740585678
2B2MupzyC8C7FvpAfyn9nbXwU5aokEJfANLMW4V2iXyQgx3BWevQxePXN7fCQaTqQf8zDmiZh8QLEzsg2dUCRZS9,14.284965783997905,1982.477132000029,138.78067066991582,1740585840
2yRupCE9iu4EW2Zgu5hhpymfqCrNWBReW7mT42yxbQQA5Hm7k7ScYWNBThmerF45hmmjLyHYxBiSFpUzKJxQBifE,1.408189667003171,195.66652199998498,138.94898292812454,1740585577
5hYB3h2LCG1eSePB1LwSToXPMyfmKN9sXz4rFFSSUH7EDK9YrmfEhU6U5jPZJApgw6Hjdnge4rhy6pFWzzubykgE,3.5864917149992834,500.0,139.4120047479602,1740585714
2KruCRhNYzpuqRmH9ggPebf4MJ7jRJ32U4m7d6ehxCHymHnKvRN9ujJPUDT8uA6eKa96tuteWn4MxsM1FshnmRsi,2.248752700004843,312.1056989999488,138.7905833306066,1740585840
4SopGPuXuARa4mrr4pdpQ4QRzJ3y21DRGSo2915ADfzys8dEa6Bw2EXH1Km1sbwnD1WZsVhtmVnaxqTf3BDTBrui,9.763178526998672,1358.1576280000154,139.11019083019173,1740585784
3vYzWhvViYEdSkmTc53H2mYX48r1WPFLEScNT1GQYC6zx5zBXnGqUtWfm6zDvkLfowYxV58fPsBskJcbfgSCHdsL,3.5953754610018223,499.5845590000972,138.95198552111495,1740585577
3htMKNkxwpQADfx4otemLz9yofr3a6MUkizf9T5UzqBjkDwzDK6veY3t8DG3sRFFbYG5EMdEF7GVDM18oRqT6XQp,3.58660302899807,500.0,139.40767794970517,1740585710
jshDEVf2RXtnNQTNMUYbXuNDiSJikMRUCjeC5bMB2fFmXTN2DK4DQDzQ7548qTNMxTxWjaauAkyST3q6gzNXqZo,8.733921643004578,1215.0746710000094,139.12131579211288,1740585784
3GLuwQjoiTf9B8e9qYUo2wz8CUtTKUsLNPGLAg1jTRHgSSxg4pQFaEKrJBq3N6Lfbfc8Pq1izQF5WBwguqyvP6jA,3.601482538993878,500.0,138.8317157132967,1740585536
2iUnuXxrcUbKx9shm6xbgMDhJ3gm5kVsGM7D3cy2sqATxf5vKBvFrA4Fq5M7n8Vts85hPtrefB4n26FzmBUvZ5kC,7.483987731000525,1041.2957389999647,139.13648397453414,1740585697
3Gv2JTPUPJ7R2juygTLk4UtnBDbZVNQGLZiWdozTvZq561vNV2cRiZwptMc5xF9mJ2ZJJ7PwCrHxdvw9n9wp6jhM,6.078707272994507,843.6976809999906,138.7955766102167,1740585840
d26VvuNEFtGPHuWicAqsG1W13CLXgs7dGsSJKL3uGaH2aCpebgvHKLVsRbWK3ZoAYjMsLEeUwRvWqRJDvcM4Q9k,35.8930377459983,4994.450172999874,139.14816038541355,1740585783
2eudvqvaKWn9jv5a6aDm4JQkitWd87WBBsjjXycdspYG1WFmBviLcCkTT8LAhcHTFhJ1p3VP91WYjeya5xjbasWh,3.5867143490031594,500.0,139.40335118657077,1740585710
5qd7eghbLcmBh4iVQVKR7Cfdwq8X2taTRu4TSMScfJ4Gmf6NHQYQzcx5ZPN89uV3JReoi5hxYVqaAqUZ9bwt1JdL,35.93756279099762,4994.448809999973,138.97572406471275,1740585574
jgbdjMQzFHNs217uw5CPFbDwy3cGEsuNQExMNoZB7SaBRsqdsbp7fNDWEU3kvoHeiJFuBFGRAN9ipA7cfo13uRq,4.504531055998086,626.9066850000527,139.1724637274471,1740585781
3DEnc5iaJdXFrC3BzzkAico8vVwRtEtMGq5QD1N5XgYn5tqniv92HZXSteFnaEQCAge467wMaa9KPrQNK5M68aip,1.148030356001982,159.3797510000877,138.82886473065747,1740585532
2stP59UtEq3P4UZTddckH2dAafrovcXxjM9obog7wZes198pfCBtx9jLJWumJtWdFCGEwnLetENN3vPXzjZvn4w5,2.791805482993368,388.4247419999447,139.13030272563134,1740585697
5GrbUq27UP2WRK3mf5WmQVYGYpgPFU9mFHd7nAcobf8E15wGFJrfVmc9yi5A6tWR8hF2JbNbcyYfDPo7StQ5PYdt,3.5895540960009384,499.58456900017336,139.17733390806174,1740585780
5DFJ6GYKFhRbwMGXdr3HvLMnkxJtc6A3xfHZEbTBKcNWGzo9DzW7iZjE8ngeM2epRQwXLR6PapZ3fH36BiLMSi9h,1.7369041760030086,241.12942699994892,138.82713297105414,1740585532
wW3DH4iP7moPCD6JCHh4fbVwMv4NAATgLbfAKCdNUemgVZ3TjFEzLEjTscMJMRpWvFUyjxLwy3fuwsHYbacc6Y4,2.819107431001612,391.48043600004166,138.8668029089445,1740585677
27dv4u47wD5wmX7DVjhaVyCEaZvgw39ERCfwv2ntiCpfkwJhSFG13qKxCHF1KULBnKXqNtoebDwDvYf3S4Bq52k2,3.5938526410027407,500.0,139.12646119527378,1740585697
5y7dtV69hAn1SZNGCv5psiH9VL6VPscirwGqTtNvq1juLt2cviyzTEGVdnrarmWohCD2yu7R7Pd9XB8ofxraLkaP,6.078090122995491,843.7753129999619,138.82244190616254,1740585532
24mgUmUDHTMm9J2woBeMvTYKEishP7iry6fMkNvPhZZPydA9ADjszUQ8CoVQiTwX78dzquLPdFDDz5vXGGQC3FeJ,5.252402707003057,730.0864160000347,139.0004644972493,1740585572
49vcGCBUpATczSM7BTGLh6ffiVHwB9nJuzPFda3anhi688NibZQZBnAY6zfe88qcSJo9o6oKhASQuUZ3amACZcQS,0.19706135299929883,27.415999999968335,139.1241843349461,1740585697
628oepnh6M86ALQLmUtxu6mKRVCLizpj1VG62dKAgSEsWi91adFhzsE4N3iFucQfh69wFc1jYrMtDx4QfwJbtRZm,3.600676663998456,500.0,138.86278793074501,1740585891
5onNw4hX1fw2HVqGrbnqm6VBU4fZkr9C8fkgaHWcHeYKejZVHmfYbFv7iZ6vtrVkFCqeewxRHeZoBv8bT6oM6KBr,3.6018738839993603,500.0,138.8166315931146,1740585531
4t21AmWtHMLFF7zgwCMFE3bipCRaiMtxPop56YiTKihtEQkVCFZR88bKn5rYGgZKC7Wvh6hnrR39QKkBXxQFCQA7,3.597882182999456,499.430338999955,138.81231057532673,1740585531
2MBwhtBSTggpNsXbzCpSjrZjYM8pePnmzqFt3sFEnMRHEkN1KcaT4niRtf6FZPUaD9De5reoGv6EWg3wrxxDcF6M,3.5938724290026585,499.5690369999502,139.00577910568362,1740585571
4ZD8FBvhRWniq89kCSHBbQFTzfak4E6BWYYhGRJiM2WUC7CQGA73NV3j7uonVyZjLnfUC6Yc6hKEQCaeGnkDsfC6,3.5979941240002518,499.430338999955,138.80799183871042,1740585531
4qffXxekuZFK72bxcHz2SAp4kUC9HbfPQ9J1ECKmy3J1Lst94X3ZgNGLc2SSF3h119ywdNjqLWoG43pW4dokkxtJ,3.5868256729991117,500.0,139.3990245369039,1740585710
65JE3xLznUPHTxsPPizc6qMbqRLgDiqudivQjrsecbhNB78UXfeEis4Hd56NX27PaBa3wqmGyvXtZYtm28qGRMdY,10.44460099900607,1449.7679060001392,138.80548487568862,1740585839
3gNTW1rrMLwcvVvEa49HPm5UzL7qPTzkraA1eyS22cwLk2spozoZ6fDwdW89f1u9JiCWJ3N2LtcKLQm5VhKJxqQn,3.586937002000923,500.0,139.3946979612639,1740585710
bceYY2UUdFHFTZbuWgYgN7A1hqH4WEGLAXLPG8FhfbHwb6C1yc497pfzN8aD9ztT1d9dwweec9EzHKEiuLwkFGk,9.663038817001507,1341.8028740000445,138.85930703695686,1740585677
4SEBu8ZqmiigjSCKLKNbtQuVPG2eqLY5igpZwRxo6seZugTqXf7P2B3shjBsNWR9FpmLh3XjLrfkdLUbve42XrHh,1.55156370500481,215.36464700009674,138.80490134269357,1740585531
PnxzCKgtZEnm8YWAmRNqLviaWP3tJ5N7SJMzGtAsr5kZuiDnbdcjcxnhcbgnvGxYJxzLnibC2xQjCJvrh1iSS7k,8.202230041999428,1143.2890640001278,139.38758827122976,1740585710
2rp4D24HsAgys2bHdsq9GDAB727BKMSB2UJ7yRsx3XB2wgqiMrayVYxiva3M6uFTNJ7ZoEdjYtoAU63NJWKDhGNg,3.5938724289953825,499.5845560000744,139.01009728932598,1740585571
5MBgaNkYPu1kosGrKzWxZSx4ShMze2on2PedtX8QNuTqyxVxnPLpHTDPJ4XyvGuXWrYQDkMfRcehy8HajAd6tWDr,6.669950578994758,925.8941820000764,138.8157484878426,1740585838
Rn9BKp83mAc6gov3gcAm3VDHeseXvmF3koendzpnHz8G6NYCKequqAY9Z3nxU3PBcZghi7m1TqvScTg42P4QusU,4.843411333000404,675.0733209999744,139.37972114827153,1740585710
4NsN5HeqZuUzD5qbVJ5RxxSbN3x8y74D7q23FBjmdErbydpWiARyeqkJqWixtW7uJBWhgsuVoYcX8dYPpUnY9NCB,4.340812624002865,602.601813999936,138.82235106574328,1740585838
22JBCAcpQxoVTEnyyykP4hnMo3sUTLnmRCN5nKLtBq3YvULy5JJxcRTEymM69W5cEW76kp7SidgNvGA4NfJNoY3U,3.6022585469982005,500.0,138.8018082201943,1740585531
4Er3GXvMrCFyyQY2nAwJUpVquHUZopiCavxNKNrE48S5xqS7erxWX47efsn3srWqfvwdkwBi73S95DS7UxCeNQYA,0.3319371659963508,46.18020600010641,139.12333637449353,1740585565
368Ee1FYYj487qKhL5PTB1MHZRqH4haiDKztk8hX8LoQaZfKmH5pRqB1K1pxFKozzadPsKDzvosAkPXNUWMsqxBd,10.13678199500282,1407.53819500003,138.8545394084544,1740585891
58ijUVmPG5ScFDZqD5SvmmDEjxb2Qcs678h3aVJPM7cm6TANhRrJ2JFUxSKvTNbBW7yHhPAhoVDY3h8HPREBvzNx,3.5874532859998,500.0,139.37463714197278,1740585710
3wXZVhYdUEgSL4rvCUsF6QqvmY95QMEGgyHFQ8vEU9ws7xHHkn4Rss9P9u8faGfwytUbf9xJab6WX1xr39JP4i4d,8.73007899300137,1214.5101059998851,139.1178827790126,1740585564
4wUmwYsnxgMopN8hJtW8HJJeRW3qKZvUHS8FWs36GA6ducUHxcWAiu74n6rXCtjaexbcsraCBhNBMys1cmQZoZ7c,4.96677205299784,689.5266950000077,138.82793243628402,1740585838
3qjVAqoxVLbWZr9ruCwXqqefgziJDADyisGemS6EbmyLU1Tfv6aCVaaLDvBp9npQfKXZkSB5MasYQRK2DTbREET7,3.602370756001619,500.0,138.7974847305737,1740585531
4ckfTc9T7SZ1KdFPvev1u9jzFGPJfdaHGVY94S36EixLnTxYRZZ6F51yAwbcQadGSNRT335qfzpsv2jyHNEk9NWu,15.0036741240001,2089.739728000015,139.28186594357155,1740585778
5w4HC7fPNm1VDoVEpwZWJZFrkkWANp5LQ5aCkbg1mtETwv2GXJREFL86DST61qTP3D2S92jYejU2Grrmayz5fwme,2.349925921000249,326.2802649999503,138.84704282978788,1740585890
4ovMATwGsGFMMC1h5HjmBdgXK9fX3jrDcDwAxfsx6T9ZCHyqFuG8ru6TbsoUC2rB8p75vFXRcqsUCxqTk6J7xxNq,3.9388368299987633,546.8416089999955,138.8332730198847,1740585838
3AgjhAN6R5B9qmEtNpkwPWAubcs42dDYvG7ofEyE5wHA7Zsy8R2XiMHxhazsEXagNQimwk1iqAPBYiLD6cLhQW4C,2.290193200999056,319.1867299999576,139.3710931727149,1740585709
2SLVofLKGnD5S5h56W8dvnqRzd5qsc2B2pgegPW1eVHpVdy9JBPWc9WoTYVXgbXkzmp2Q3yA3K4gzZGuSJeQbePw,3.5901314789989556,500.0,139.27066541290463,1740585777
5omxPxwSePL94aCL9FBDZvbTM4rJRrNwcD3iJK7oqAjCv1QKYQAQr19obC6egJRh6g1xoHoEopXeybd8sSsT8yc8,5.96846255499986,830.5754329999909,139.160700992286,1740585774
22mWJNyL8ZECT617jNYcTidShV4ahqwe2xtxzTsCvbzUb7MKsdRZztzoNuGgVmcyFrhwTau6rfzCNV8GsfNJr23S,3.6024829699963448,500.0,138.793161317986,1740585531
3jXyeKeuw54ypfatcRrnuAkdu3zFJQDhyqPx8ofJkqBKMa3T4Wy3EUPCacSPXEQT83SFwEjs6x5kUkHa6DmbnZs9,5.243675772002462,730.3000000000466,139.2725316655417,1740585772
24d11U8gEQJQSDyz7nzSCPrrfvrUKgCPmEWS2cN49GUSSFkjxBpNCA3th15cRo3AEiH7FCWijwRLGq4DG3UQiG1r,2.5950080420007,361.02401200006716,139.1225021875943,1740585697
3L7NZd5cRAC8NdL93VfLYGVaMtY8gryK8gXULDuVTTVvi2sLb2dHFQp5aoKy6uzvBXMpdCUsk37dk8e1Uh52AoTq,15.907292005998897,2215.2461830000393,139.25979243762131,1740585771
4LPvoWZKAPFs3wYQVS7ncg43BHJNvaXXSCaDY6UoGdKdsFHdLdZYSdnHuyHJHEym9u7WMhovQmKU89fRB4RFTxjP,3.6010856030043215,500.0,138.84701868316014,1740585675
5b5pRbmxnG79ZRXdE1XAWVYn9tygZk3yu99pxVQp8mqjJJ41faVVoidyRU7MtAm1fEphmaZyStsYMTA8KYuje6tQ,5.016428476999863,697.8334319998976,139.10961457926447,1740585564
4zqD4WuVMvU1tcDadpeHHhuvq4rf7Gs8CuHHyYkcvj8gBcVvRJ69qWTag76vcLQAeRwJSDgcD1u52JqKTQmEiY6M,4.114358641003491,572.3832620000467,139.11846582738409,1740585697
5emR4gq56m4FQNAgksrEHHXCNRnPZ5FUgAMNnG3U73msjEAgg3JVQRcWACT9iuDRyPxydhucMPJ3rFZUhj1yBPZa,2.869638632000715,398.4130410000216,138.83735622915268,1740585838
5bLRLtJ8kB7hRxnpdAePihSKSUxuEjqURhjFmpFVng5S3XcLtVtVaY1nWBYtL8Mvq21wTckwUuiu1gyNXo41EcMk,2.854752721003024,397.11003800015897,139.10488116134746,1740585564
5vPo7mtHWjP1MdaA7fPPPnMF2WSFs2aPLBx7xncpooQtHPS23y7YmLRo2oYrxr4E3Semrw6VzXRybEufPHVCyLBa,3.616166333995352,502.08104800013825,138.84346062295475,1740585890
53YCE2YUhf9rUnNyZamjoBk4eNkkbN3FtcJYnnPfp2SKs4uVLk6myejM4wfU41geMdgwLTTBiTwfrdi71ALgKDNt,7.126389908000419,991.3642469998449,139.11170449527228,1740585697
21FPhdo58zCJCkeV3C5acQ55nYqUw9bLUuWCXhXc9A56prwLtKJKhXfrfq5W1SMnZX4DdHMP9rU4mVeqMKyeL9mn,4.800876171000709,666.0576290001627,138.73668165478378,1740585671
5TAtrvAn8RjjbDsF3EaddhcaXbbxvu3EzNnnttGt1sLDsMYK5JGfGfTuiFkip9sLQUXGXiNRwn6TA8cufUaCTHjY,3.590714542002388,500.0,139.24805053458005,1740585771
4pg586yUFSECuaRt5qBPxdFGz22HGm8SYfuAeWviB8zG5RDKbYu9H3SF6xjTvXdXAh67nC5N8aAoxWBiMuyFxD4r,3.602595326003211,500.0,138.78883270375795,1740585530
2EfF8QU5zGkjH39zkyp1XLtZKvPyAgnE17EDz6xfN2UZqHm3PXg7KzUrKfX4UdgzpTUQAHnnTKwoB1oGWCU2xvyb,3.6924930999994103,514.6134800000582,139.3674858864707,1740585708
3vQoDrXWYpi1QssJ3H8a9mqPEKjjpFmWpjLWwv13C3wrjPyAh7A5acez629CtxTCfX4TatY4eEYKPhP8fnZaPS8g,0.4882482440007152,67.7394890000578,138.73985177089256,1740585671
4dd5rfpUk4ecyg5paBxWNsDrvBRR7G9sgFGGkHbVwxoyGfZiEroA7BXBWgLoYv8dDA5aGvVcnu2iWZDs2iuH6EUG,1.0671079979947535,148.44195500016212,139.10677764491084,1740585696
4XM8a1hckitDDfdqvKrzvWkatAEVsxATjd4ucUUhK3Fxd571HkzLAuwYKGTJ9G5eU4cmkVWnCPVHuTU5b8gckiYt,4.574519734000205,636.3175830000546,139.10041272105835,1740585564
5Lg5qFcsVt8HCFrzamg4rzjFF3cmSMDChS1boDUQKcYPJhcafi16qFbpWceaVkmDbKnQhESU8hja8qkR84uxcPB1,7.537265311002557,1048.727908999892,139.13904655432611,1740585761
4H7m7Cxm8dNGxR8hLoPMk1QSMMo5eRV5NWpDK3AZg3zS6QDZR27RLDxT22PqJQecF9igf372HMZqvdndubnrZyY,1.7640575190016534,244.82575599988922,138.7855857094985,1740585530
5SCwHzsYUfzhAvMU8WvXPGzJVBBCdUQEKq7sZrrTytK62mycGW4mt8D2mTdtZ5oytevrPEkT8ZfYHzHcbAXXTTQz,0.013732711995544378,1.9081640001386404,138.9502671255139,1740585817
cZyrqxGUzoeaVZoAcVk6oeRkRx6JmYM2mQCPb7wsU5scULsGsdqrTktCudaJkS5SxZMCmxGKV6g7BZm6Dz1c17M,3.6012902760048746,500.0,138.8391275569932,1740585889
2bfnG9doYYGefbJwwKtb8FNfswDugf6tjBriyWfEYmCqJWwXBS2aPpUTJmPXiudnzRYQ325FNLyTtEDNGB5JfXs1,6.079912522000086,843.7753130001947,138.78083112988952,1740585529
2hjLaWTZRJwwdkUx37xnfJv7riB3eKSErhgn8rPKKcukgL3QRwPRte27M87Qc8sqcqN5gpnEu7YCpkcjehecW1pC,14.542690661000961,2023.6492680001538,139.15232849083154,1740585760
5b2QZku7xXtSuaSiCTWacxBC5QHhrWLwaKkEDsMgQP7Agtmexuo45Jti1f8oP16fabXTqQXh5b2uZYNoEsPfafG4,5.946602951000386,827.1372999998275,139.0940856175171,1740585563
3MuHQ4V44NCCxBYBcVhzRqd8WYge57QVHmpixb4bvkuqRHrrDcPZ2M6cLyfcZfDZ3W8984ZFxWEnV34CX6XqcaX,0.6665027609997196,92.71435699984431,139.1057358273769,1740585696
5CpMcFVD17nMMiKmkYnxLfnJFT3UswpHLLrQATQDRAVnE4mFUC8UyoXPfAEPi8iR6cHJhytzF7qsxPJUq51tVK9R,1.0667987060005544,148.45754099986516,139.16171829307413,1740585760
FeCkhF6EerxETBRaKupeYV75YdL3n7b61NwReBabvrLPtvX431y4Y1apB1G1YkvuxxCFXRJTq1huQpUyXqQpgZB,3.265032703006,454.1770500000566,139.10336934203198,1740585696
2d5oHTJNP2yiaQBmu3BKG6PHxmE1yuL9DpkTEv2i2DKZUanABJCeomW7cGoHFLvSKQmbisXX3uDzgFL7d81GBd8b,4.036236112999177,562.5012709998991,139.36282597251858,1740585708
4FpaZUTp9NeEQtwZKyr1mVgRcXVdfUwaSU5ZxJfd1Ai4gv8runt3uqVBbSubeJXL5etgQPUSd5gEBNo1KcCDzWHE,3.594555843999842,500.0,139.09924388422493,1740585695
5Lwxim5wgocmhwrAf2wDtzojMdCTXpxk5KF4wPbBdT1rFFu3SsVCWiS5WXXAVHVbRfYfz53dAj2ngbdMFJLHvMuB,19.778632660003495,2744.3250049999915,138.75200840094405,1740585671
VDG2SvKuANamBBNY7Dhi9iUBptqmDubxHJg9FigrwhbkMoGui7sdWRx5oQt1z8V6jvynWJrxRc7JUtzCy7AtwMV,9.698700477994862,1346.614883000031,138.84487783237887,1740585811
4PJc2BE6XeMA7dCWcn6EdcX7KKNoE1WPpd2c7Y5GbLQKtcKGGF1fFAv4vo8yDXfPGKkv4VpjKwvLFFz3RkE5RWEW,9.276377665999462,1287.2776959999464,138.7694359101163,1740585671
2HCCMw5kqk5HXfNb1bFCFVv5K5V3byYQAy943Zn6mVayfD3D4s97F8u4PQgBirX1Sa1pYaE82iQpSZb7gf125tmp,7.8415308319963515,1088.6574349999428,138.83225843579126,1740585877
2XNjqhLqYw2TYsW46w52zo7AXAHQYKt13h86RWb6ADfG6eoPPr51pF5aQGpDzZkZCC2GEDgHbwZwNe9vTrm23eMj,7.612089880996791,1058.7846480000298,139.09250475920336,1740585695
5onvbKawiDXMKnPm4eveqGgZwiBNMdRanv37f6Fiehq4Zib5ni6gYV2ZysThz2RHkqv4s8jisX3uUsqLKwZGR4Qt,0.736962962000689,102.27328899991699,138.77670150785863,1740585529
4rM2B5MLcMGGJVYVxD6qM92AMwfSY978pjz6A9ugKw1SsvWbv5L5neZnS7bccVXLYEdGqaFkVx8PDiqGKjVEThRX,3.5775244449978345,497.5920019999612,139.08835834670654,1740585563
3e4RhCgVLccQ4yTnVru6aEV9j4H3YqJBUGMXqeTjfVnEs3nTyPixFkXr6n1oGsLKoyxDPMG9o9HJ9u8bPy7YPJGW,3.9302349559984577,546.9500680000056,139.16472529593474,1740585760
J21wYfPpL5nFerPa384o52fwvXQWxbTPKK8y8ayaYnngfYS9WfatPJxWcm5px8H1T55NSxYHgAsprtuhtctULL8,3.6029787759980536,500.0,138.77406198749978,1740585529
33FtZWYggLfVs4KMpZSXUeSqt1RzxaxeQF5LHtZk3QJtEnKWyBCWBtTQLJbFJScqyXNNuTFgW2wMxAMagSbFMYMe,4.784915277996333,665.5019510001875,139.08333007702996,1740585562
TQdJDrtxytnckHiPzWQ3m9Zb23a4y4mKgntjvX2S66sLX71ynmYeb6dHuPEPuEZNtWckKaA7xs8pbtd6Ar27vvo,10.246759213005134,1422.8326220000163,138.8568417021222,1740585810
6mT4SCQiW1CHrpkZHiCDdoWDin5cE98g7Qfxbt9S7gN99xr1k6eyPVHPiiyhYToACEDdVqwx5PbtYe8xFiGc8v2,3.6735335110024607,511.9369360001292,139.35817775088924,1740585708
5SGbPFsETzQR6VzEF3pBGQVCTUBQyvHRC5utSpyeggXE6nfdD3AVP8S9LRxcaQBvdanrtPHFdQj37P494e7cGhLM,3.6030929749977076,500.0,138.7696635833601,1740585527
5x6RUunMVoxEazr9gSqFNJVLHCpYy4dE5sKFaSaLz2MbK4A2dFhMHsdyf4gFhkasdXhkmiWvPFbLeJAQ7wWvmtmP,2.4789377130000503,344.2363849999383,138.864475373743,1740585810
5Kb5fqtk9X4BLNfjUktLVai9fQnJu2NyHcyqy32tBMCCWvd9hBQaCKYZYgqMzf17xer5tmSRc2WfuiLbiTsmkywx,1.8000000000029104,249.5836249999702,138.6575694442037,1740585525
449pnC4Rbf2vzMMHFkE5N9tCC8JT7nbH1r5CAQfSf8sTRjiXXp65pTZp1ZA19jjNGFvb1azN951M6hrqE9VxEKqa,6.439876509997703,897.410189999966,139.35208052619726,1740585708
2x1Gs4BGpV89ndZ4LjWo6fEBzj6yS2szzkaoDKdjDcW6rKMggcALkpKFsd1QtW1NTfJRksBTq3jMvaBT4jTE59QA,5.093023568006174,706.7413190000225,138.7665518454883,1740585520
5EbraQy7neeBw7En7BzqdrqNjrUcrB376XesXE1qqu7jDtcMaHmp1Y1P5QAyPtGH7o9YR62F73arRDTJRcK5SJ7W,6.971723030001158,967.5300069998484,138.77918024515782,1740585671
65ULM91BXozHoD9q7yLFbHhr5G9keuD54NV3Gtha3T9F3bTrbwJaucD4muSZ6Z3eU41RnR3m3ftBeeKR9kuQc7Jh,3.597244739998132,499.5426170001738,138.86812077190868,1740585810
4XBbQQjaXJUwiVWdtV8PESdLRwa58hZ3knJU9XWAYu3pSBzMRLzBfNMLakqgu2WHz7mLKAd5VZ9HLWxb8wPCvpb1,7.650000000001455,1064.6634510001168,139.17169294116525,1740585759
3iddcZikko4W6YqqWDwbDj9NdAAdaAaAM8PMk73193tBP7EBdAMZ2emLQfouA4dE5WtqnXeFR6PibT2h2nVJBYu9,2.7464698260009754,381.1688330001198,138.78500662616943,1740585670
44pqLm221P4Jtev2djsxQxuNgizcDnxZkWpaBqeSA44cuZJjNWkQ7Exqd14GWpFSND6JN8bnUusGmrwZYV9x7ffs,10.548804644000484,1467.0719169999938,139.07470718346983,1740585695
23k8dKMM3T7m8QJEG8aorQDZc152REjpPqwrww96JtvZKMR9ReAZBzQJ9tQ9ziLaNNzUp9Bxw9T4pGzfoLuLrsJ9,4.585885314001644,636.8557899999432,138.87303026429652,1740585809
5sw6aPxMiPb3jXeJv3hHFfmHzxbLXp5gWGMdfqTw9ZwUVurqFu1FePBcVqsHNVCoRy5rL9L3P4wZbAhiQY9zmEC7,7.392943194005056,1026.3113959999755,138.82311402476518,1740585876
34L3Jr8tpFJSPBTpTETSEQqs7wEtVuhvaoeiFxEy2Grvor9U7pio8UVZftZ4hM1DZnLtXVW89VrYDzAodyXsyvz9,0.4000000000014552,55.55900499993004,138.8975124993198,1740585668
2wjfdNQq3zbz4kY2dNVRw6Yanu8EW1n4vxRuTygbJoHP69AP9wLa3e8SfdeAiqrKrNmSHegu1AoYmE4zrCjbDnAf,5.1281166299959295,712.186984000029,138.87885853340944,1740585809
2E2TgLPr4twrRHbWhWucMVaEVGu2CzUNVf4urSTZFp6xG5WCQY5DWKzVJd5NRNjFt6r1ogrpRc2DkfSWN6GidnQo,0.3541847489977954,49.1673830000218,138.8184644854029,1740585876
4FDMk3VurRdm2tEa1bz4Hznt9W6ZfWitkSwyFmFmNvYJ32KQafL4rN8p12JYrf6bcDfsrUU2AsUMe5eRjmFbw2of,2.870106822003436,398.6450559999794,138.89554665484926,1740585665
3cP2mMNHfKFNmapsGcvPonMyzvAVuAdY8HX7g18C3sjCFECQhLxWwMnmV21zUreixNNszeY6rMh6U9rbf43LMUNd,21.243216342001688,2959.9318979999516,139.3353930189766,1740585708
5NcMBf3bQMpGT8UP3AUvygPUHALpWzjuvWSJ7m8SeXVbEMCS3WTVqYsn3kfaSgEUoLG42atHe9NkcJnZHAfcDgGJ,3.57360904700181,496.07449500006624,138.81610676362692,1740585876
2fVVNDQf36zetsPYkj4JTZnnuW15KDTRciSSuYsYTF6WCZx45Ygt9Toq2fRwtB6gniPw1pyFvjxZSjkWtYAm8nP6,7.333473531998607,1020.6780449999496,139.1807089159538,1740585759
yKDHVViX7pP6tNWwGUu95dqwtqd7jtfVyURdfsm88gidSqYsE7PtCiYL1PWHWYY2rmg5uyJWb2Rtn8GkHwforQU,15.673666095004592,2179.752891999902,139.0710302738055,1740585562
Cz6aZRbrEqB86MVtRLKkGwieXi3AXSK4YZgQcBNfSmZ7tPMQsc6Rv9cbk21Bf32V8a6upyFc1W5S1hKPrzHuTLJ,11.315959781000856,1570.1633760000113,138.75653558227262,1740585520
5jb3oYFBZDJMwKogEf1hdWmnsnTqrMtS9Gj7BizR1w9CjQjYttuHxqnG5Hqf6NGURwAgm5eB7ezkr1gQQ5GjSw15,1.178489644000365,163.8818340001162,139.06090293998838,1740585561
2Hchfp9ZG6AWfsj9EomaYcGXvrgaPwb7LvMz9xVjoh2Pjri81jg8x2i2kTsCEXUABL6VDb39S7PaRSmpByVYCG4J,3.6036703729987494,500.0,138.7474292172653,1740585519
5dFMa868FU3YuQrsMji5f8TpWuPML6nyzeuKiZMmStbczsUuArbYHyjU6rQtbhvecj7teUSdnYN8jE6HDdDUpRvc,3.500369036999473,486.783236999996,139.066261829715,1740585695
36fksX1p6NTx4otQPHNHsyMG6wwBhPxmHoNNnj7Pub7az5p74zoYBeq1FStR12DpnS4SbxtBvdEdrV91sq4UdaKf,8.412397745996714,1169.7871569998097,139.05514127128467,1740585561
7R8b1cA8pqivdKW5YzNRiKwb81v8mprnSduPLYC9u1Fd7bu7p4Za9ZsgEc5BdqgEFWB92Xvq3YMxQbaaC2i45Rf,1.493322021997301,207.29260899988003,138.81306640253558,1740585876
bttF3EUdbw3wBaD5sEZVx5nq2iF4sYNGNtWQBFL1E9RJvJgawJjDtZMK1MggvgJPFmgd21rf6bJF3iVinHS4L82,15.157120711999596,2109.7839560001157,139.19424382032142,1740585758
4gUHutnTocgHd8rifXXCGF1PPSw12QN14i5vwWGDqHN1EqjJ5HBSC1qJLLuSiFqyDpQD1sSUBYC36vhxGZrNHpo9,3.6037846249964787,500.0,138.74303046078637,1740585519
5LRWTphf59rvL8qCjH93pw8ZDmanNsjTmLukmikwZhinqsuPLnVVhmWCGpD1nbSfTfL2jVcwUP2geb7XQiXHQ8ko,5.233829445998708,726.9007999999449,138.8850759276584,1740585809
5thwpvBV6QxWU8tiy4uDjduLDU9S4ggNfZGZrDDD3uob4rbsSZ4qBK4dMgrg6ADrehuKDSbqw1teVLLBifeuqNn7,14.394184750999557,1997.9636750000063,138.80353139563977,1740585876
3FybpGhYtjCrbUP1BgDuNx1BXkW8J3RKi6vEDbByyJVd7HSLCtDGSEgjPgJ1BNWXwcJxCAoY27ywnhXuscvXhZM4,3.603898882000067,500.0,138.73863179049948,1740585519
57BGS6qCy8jUiQkfZmK2aJzmhHGb515wdHFcik8zwmx5DWLUdQxApKjanJz3nLR883MGjae8ny52CptV5oJTeUpL,10.001395115999912,1388.0824049999937,138.7888778415907,1740585874
3cbsKXAehYjnVqphBC2Kda6edUEcXYV4AV8QrDdPoQk5sTXaVs6WCkMNkQXRc9f9EzsqdAS9nBfS5BQs6QsNiiJn,0.1428143099983572,19.836014000000432,138.89374251241773,1740585664
22bUUu8ukdmJv85PXeYb5qm7XK6FePPzaX6iHY1HAeMbMBKir2QzycodnvafsaoLgetXBekHMJgSLgwkWidJJu4K,5.100421269002254,709.1983829999808,139.04702094121618,1740585561
34LofDWhDVTmSYvnTGLdXTQTfGN3fydgxKWndXgEsMAftgew21NZNowdu3Ka1Z9Vv8iBBiyoYmZDivVYxgYeUEJw,13.238950771999953,1838.8394420000259,138.89616130978635,1740585809
26QkHZwmTvtRR6Sxd9ZEvComutUPdNfoWwY6JoZLfiDMeAAVUFYhjGPnJEnsyfxwcu1TioXKQGzjhzioHdekqi59,5.659959967997565,788.5409709999803,139.31917813174178,1740585708
5HcaXShk5VPtQVytxabLEo4bPkAY8QevtKWzv3BZ6qaJreuQversNfxotSxnznwLrvw1P9CiaMW7g26VNatkcPr8,2.140693834000558,296.8566989998799,138.67312283751946,1740585855
3af33jTREA3Lg9Ao5kK4uPv2BGj7N6sTFCmso94V5Q2kAjeJrJCQPkdGqhr1tJmXuze5RtDp1hfkWyv54sRRyJBW,3.401966931996867,473.0847149998881,139.06211449333506,1740585694
2yjDRh6BesP4DMma9T9XhcVqii5Jhjb15RMB96t3aV6BGXn8z37JHuKE9nwvZp6BmQJL6Q42sGCCgrpbfVNoBjeq,10.916780705003475,1516.2000000001863,138.8870987676127,1740585663
4KX4rYKHVBLBEVUSBxquDegpMrHiRJWTqC4MV3VCUFno8qjXUuWWKaxeEpuwW1aSeuvDGuz8ocVjeM84oDDSDF7,6.0567259260024,843.7753129999619,139.31211735659235,1740585708
4LujLNUjm4YD2wBBsuA9dVM7WAAaZ5xFNyjF9KPPxf4MbWEsdP6HUeFYMCV75rZpS7HuZeg3RB6mMzcAcpV4adg9,3.5892130020001787,500.0,139.30630467496982,1740585707
4yNz6zEtkzUSbGPAHWCR8CjwUsVb5n7gaj1FXJvHHhx5C41SgYs1ixBrG6CjCSN4UW6s3UACKqzhGZAnEXdLwYCE,6.061956038000062,843.8929950001184,139.21133536932288,1740585757
nYdtLGFsAvMpNAJPhZ1sXC48yyuCcfmVufS6eqPs4iYHWBG8rBALchrqikArWvPazqB25dKq9CJN18gMu4rCMGq,7.174779229997512,999.4454489999916,139.2998191249347,1740585706
MWzhYLrwDGzv2CGM75zTBadaD8tQwtDh9iRmTmkDYk2NcdkLdbAb6y8QQzPD3P2oJs1Kxm1Z1bBMnWgfYDpiPQU,2.865672143001575,398.4494530002121,139.0422327178246,1740585561
4uppZiqMfZNrtKvzsKvkFjhFWa3KtTBpQkSZEhvFdKHbXPf4PUdaPC1ZJxDAKvaVQ4f1AL716bG5DLZd69GebZPD,3.604013146003126,500.0,138.7342331296719,1740585519
m5wu7fipYg2Qj9f9ta8ami4petJDrZ8AKaRi64uyZ7PhqcrB8sir2uxte1SzcRQrbzGv7m3ytF99YvjTqMBFHoJ,0.1376658610024606,19.12236399995163,138.90418336620033,1740585809
4c8StTDKw7LwNkfJ6dx9x74a1t1Jt3bubCLidwQe4eVYmkrCb6jWCbPGBaMZDgz8Kp1wvfzYLZahCpAECK7tKJT2,3.5895472390002396,500.0,139.29333331165742,1740585706
5UdVc1Q3o5Ue4GEjSM7VP71wfBPCT3G7szsm7KJbtqZTgEr1uqVJhcUS6haywFcYri4HhqZHZRGCG4MF4Gw3nyEL,2.8657431379979244,398.44945299997926,139.03878813030866,1740585559
4ySagpvQRe4gnBFKxgKUktAFTE6qvUNs9jqPGXWjmCNtYwzue5RivqrnDDbJRgxi6aA4T4uk572E6MHnbhz7g2kD,10.797932852001395,1497.9480419999454,138.72544518762228,1740585519
2w8DfonL2M1cXoHqo9P7guH4TSKqke1v5mwM3YAYty123wN4en7PPichWH8QY6fKQJ3bdm3m4YYybkfth1Virieq,3.5964427439976134,499.5690230000764,138.90643020352445,1740585809
5dhS5csVU1cV2VmcVbo5aXPxnaPsr9fT38Lw6firjqWFp4rCidhtr89rCpMb73YKBKDfAr1RpPsb3aP3Ts4fjsWR,7.636943232002523,1063.2120429999195,139.21958180133404,1740585756
4xy2NR4d9PCCVuTiWN4gsnQa31KpVVW5KF716F1VbpyGfyH5Kotw4MB5mHYJD2MJ5P56FkgXBTFFJkkUmaMyiNid,1.466942596998706,203.99184900010005,139.05918978524284,1740585694
3Jwyw5x9rHLtpSWceuq3m25JZtK6TNVaobtqaGQRvYZyD5rAGYiEnXKTd9PF9rYM1ktwdmb24wJKKtVySGCcxSew,7.636943231998885,1063.2822680000681,139.2287772344441,1740585756
4VVbPgMV12Xwc1W5tdLPATCABV9VEEe6SjdQiwyXNh2yEYDNsTnc1NQocR65997kMuPUqcvbukdo1BkYgPFHrRrk,3.6044697830002406,500.0,138.71665740080547,1740585519
KC8YHBN51DiPf8focDk7r5ScKJqaGYNpWjnGDKYvmBtcCUu3BMyTXey6Nai76Mwq6JYqWmvCFnAArf1ZVfzvNVj,3.6783459079997556,512.3529570000246,139.28895482226048,1740585706
3bt1n8P9WKcifRRRe81pZ9nyuSXqx3VEeZcGz4MjgzCi3EeREZEesNf7m6q9YBzLYZRjcGBqhMkD7B1zTRPuMuMF,10.987769301995286,1525.9148629999254,138.8739443885878,1740585663
5apTjTFRSsL78nh3C3LLd6Kx6uUbaxt55BYfFBS8ZzdsY4oaF5spKsK5QJ1kS1rA7zybdjvCa1k6GbGDqEonULdk,2.0003425660033827,278.1618499998003,139.05710688122704,1740585694
5gzUCGqoZoEcDhxgQFNF9k7HUGshumustBvucZjnk5am7WteNQt3fWGTtioHfiLDHoopLvGVmpjZC29872geKtTv,8.619090395000967,1200.1097780000418,139.23856497619516,1740585756
RpGFEsuQqavZT6kDymNw3MoxBzDVCAVLuMXF4JD8zkKqeQdfS8c85ztJnxzoBokSQ3hu7kT6vgZDMg5z4y8Ni6m,14.856626930002676,2069.1981500000693,139.2777889455757,1740585704
46qUFsdEi3Jm39sAimpxXi7xfsS2g9aeUBdiN1TCRUVvfeDrsmJW98fCqWHzzyRYmph55Y1hUrYsEcXAd6tAYmBJ,3.5964427440048894,499.58454900002107,138.91074724679166,1740585808
2PM9uSbWPWqijrtuKEfchZksYHUdArdtthEAjVNLG6qCRPxuvttCuZE1gSBjQrQHtFNKHvhtxogA7a2A7HZkFZMc,36.144959866000136,5033.7467300000135,139.26552273571681,1740585755
4eBBJvMuhWaE3JSXVtAPBiFieHMrPTwRMqb1Xbjwjhm11zMx19ttSAxk9mzV35yYanPuEMDoZv199sSy4NhCcBCv,2.5211682279987144,351.11634599999525,139.26732143483696,1740585703
5CXYzbA25jAb2AifFLg3jUVPVUzcNYZ4JuoCVGf4pZAxjBkbcjuKPAg2bLzQ7gShZbR1Ge2dXzS2q3X3znz3aKDc,22.98073903600016,3194.8571389999706,139.02325482201036,1740585558
4frETxaYWNSRtMvpjZmDBHSgdq3wLd7o2UnjPGfJgGhJPz8RknvH2NqikJEdDYbW8HadasgA2ugWiEQZSFz7gQau,0.3649608249979792,50.749878000002354,139.05568631998614,1740585694
2reB8rJvTjH6no3Ry8nvjLG24CQury2dJedX1xp7DroHSLATK3Jc1qey36o3j98DPvWfWFsPtP9XJB3bzfHiC37Q,1.4969765709975036,207.95071000000462,138.91380401594236,1740585804
e74T6jgETSAw56Ba3KRpQAqDdmJfM4zqNYjgX2EJAsqtsMwkZ3BTfLjxepc15h5c57Ag33ZQ2h8FrXwcoqp48Gz,3.613581999001326,502.4804880002048,139.0532961861869,1740585694
3mZFaVPxnWQAkQb3XnZxK68cMNxBq2JksqnC1qq5XCWKoZMPQizENaw5HsNGyQoY5sz8ikevVghXvpN7EF7wXfbm,3.58644223799638,499.55358099984005,139.2894539628563,1740585751
263zNGHsToBDp25LJmoKx1PbDGRY6ckqqRa3TVdodkUzPczf3naiL7WSg9jJCaaYFQAgX3iKthMVETJ4JzfaW7zf,3.586442238000018,499.56907900003716,139.29377523688274,1740585751
5NKPigbWa8DmoWgTFADg4Fc9XtdA3D2Y3wXNFTpi9GMPxA8KLuagbP2NFuQumbKwGF9TpydbPFQmemiJxFREXPZq,15.018310323997866,2086.3995109999087,138.92371818060224,1740585803
5H54gJMjFQqZTzYRC1AWUzZ9YVa2upPbqz7FKQ6XAYx7kma7iV7rD6EJMiStR86hfMpbSMhcGeBzuwFrbUvLQt1z,3.6045840729930205,500.0,138.71225913308533,1740585519
5fLMWcuWwgxGkZ8nzEwqkm1zwdwsCYUXrxUMmQ4vrLcUfHnmNSa3oYc7NxGBcmFnmm2dBtisMv2pZzD6HnYWWo84,4.69398619599815,651.4598560000304,138.78606131296922,1740585852
31GQn2A65SM5V7ktiaFN5R1j5hhK32eK3hSm2hohQ1Krxdb1zpiTgUPdp6m71mjCjvnmwqbo7SLSzQCe6eBrsEiD,4.315040207999118,600.0,139.04853050679213,1740585692
2hu9EAf1wuvHbBytF1gEopnHKnkzLpAgmxKyngHHSEqX6V8mmnbENDrgt3sC4qZuMvQ5bQRVczHzy3Ju7cb6ew6z,3.586442238000018,499.58457700000145,139.29809651098554,1740585751
5EP6mnxNcTZuffxEdxLdimfSweVzCTqXLDfCaZNQ8RHbNpmY7LJqkyfjoQ9pXvLtjfNy647Qnq1tJcsW8VaMh7W5,35.93644819200563,4993.524149999954,138.9543040903749,1740585803
2DTRsY6Suky6gwctkHz1U5Fwtirt6TyYNdVLY7ef8Pt6hR4AErfwfzokLFyAnrSgVB8pbWHWzEYHqdoMycGvjkc8,5.849408951995429,810.7437480001245,138.60267843361382,1740585512
49ZoMv2nrZkrEYbGeYmaNhoJRryc8FigFeCafwMSWojYgrxqy2eCPAoU6CxhyxLRvT6ka47DE8uKBzfrcUJvW7Lf,8.190809252999316,1140.6592190000229,139.2608695633262,1740585702
Ppj1aBis5gMQJRo6YNqW67J21cW7pZji7vkMw3MbgA5Tgm2TemTvEg6n3Fufm8RUEBpy2izSwWaUuPxPR5CuuBg,6.413311147996865,891.4861139999703,139.00559218593617,1740585558
4ENosvSDyhohQpx71RQ453SHqb64dmwpwmhCzho84UiCcwdkWuQXJQ6YK9B4Qb6iSb5J9cwWW57srHM1M1jwi346,21.077173491001304,2921.6985759998206,138.6190884298225,1740585502
5Dtfn3HCMH1APQyF644nNN3Xbb9g4SUgawnPnzmpwBZB9BYznQmARDTMi8MLgATSVNvHoHZA2ei4CbznYPS8iL54,6.272000000000844,873.7149159999099,139.3040363520077,1740585748
5hdjjNtj6FumuvXHpvntg4ZWKi2eS6bLKefffq5WKvNNyZ73JRfcqyJRUJ597Cs2Gw9khipp6aUUtaN2GtWiSvWb,1.067919287001132,148.44195299991407,139.00109756118368,1740585558
4xfnPeb9zNosuXTurvCnPecFd9dQSgror5MvrB1DgeDZPvvJdpp6goYJeCDWqj6hQi3qJKehGpn3YRrJeeTXGhPr,18.41775068000061,2565.9410150002223,139.31891356236653,1740585748
1Hpa9B19CZBAAqpPZucECVMc39qgKWtAtmdnQxf8i1gwwGFV8dHmeNrrfKxL56DJ7Lhh6EBkffX5YaE39zfhBQo,11.880495441000676,1649.3630419999827,138.82948318029565,1740585662
4usZZqpVVAj85cBNVbYXg7FER89RDzWAvwShHPWTbwZ97re9FeTY1dQVZ3ubD8rTt14tkLxkhnvPnwuQPU1LcB5,1.8031726539993542,249.97929599997588,138.63303408330492,1740585502
34oojC2NeHwYhsrxCTW5Hx2jNSJQSCe5LS5oYuztuUij4Rw3EXLEjuLcEAn1GRohpZwE4pEGigaVdMGmv55otPch,2.866568944999017,398.44945299997926,138.99873355396164,1740585558
2hUrGzZ5vH45CPWRxzohymw55ZE98Z95pgDctZJTKRqsDuxmbuAgFDQnaaf77W8HVj9o33HnSaYQ6Si4gRb1kDyw,18.749236450999888,2612.543232999975,139.34131343576124,1740585748
5sujLuYaCsr4VZdFudocJdXUeKPuWWa5KZiVDDj9Knm8JuU3Lpg9RoSjKJUZaryAy9jNSr2ah5Bd6Ha9SM76qGyr,1.9698205559980124,273.45279500004835,138.82117036874106,1740585662
3bdiQBNHYHcoKg43AB46N6rGCPAC81oWNxatmwWeRe57MhLxZfnuRhF4c5Ej4XyKqPuxmHBFYcUp2GREGwiEvYqR,35.82726812400142,4993.397406999953,139.37421602220277,1740585747
3syAzpGAQr5DB8guhiVQ8hparkWqwjR1eXLiR1L9A3zGZKz2mJZMvY8sK5LnvURQLwritf6DSeJU45QkTFpe3k3F,2.8598090689993114,397.5,138.99529318546115,1740585544
2JCRMaYM9SrmyRZHGoqKmB3Uvczc3zNsG78ipiYYxD8pt6utkXFheEsXJK46ZKkirFpUXKHexPDJQxtC1P9nGafZ,21.42758937599865,2978.1938700000755,138.9887503321299,1740585803
64cHjzWrCpPWGHdHbnBoNEQ21aWUTRnsU4aWcFrTukoQ7gumkHgzv3fDq7RpG3ao9qJrqjdtjq1UQaamj4nWJLXu,21.542796162997547,3003.255658000009,139.4088137527141,1740585747
599oB4wMQFaB22Uo8xHfNfmT91py3mjLrFApx7sLJ9Pd7xtDGs9SPN1hmcJiiP1QCPhsVNQ9TGYGuoLQem31UeNP,3.4511162730050273,479.6758339998778,138.99150189518377,1740585544
41TQFEaPS2rRiqfAXzvH2UGf7DeN9MTBNzJEwmxJvqYH7hVqbyjfTxpSuj9hee7UZgJqHqSQc3qyDrE1uU1tLbnX,3.5940357360013877,499.5845560000744,139.00378090171597,1740585803
XHSZHtEvTJtz6CVXoJDPzEQCY3EkD3mw5EqKtq4LXKD2mJNt9D2ByL5YKYk9QQNKMBkXMmJ5zE5bWthcytjnbho,10.53842584999802,1464.6630700000096,138.98309774607227,1740585544
4dncxNdfSPQ35fTFYZkJM1ZEGjhg8Fzk5m6WBpoUSv8Aj7pc3wb2oe2NVizzkYbGzqQTweJDbM32UD6hBr1csDPc,5.5,764.5508439999539,139.009244363628,1740585794
5eHGR9cXe9BsgNHCbq1pBpvpVSnLJU8uUtcfBL9cQCTssQ5qopp96sj4esP7aEt7JNaQ24V2BiNNGHziMTHm4htb,0.3447156980037107,47.90740199992433,138.97656032887897,1740585544
62v5Eii1v42udi2TqSH99L8QLY73ERs1bsXQb2xeY1fxJmopgZ2ZgYqx4Mx8nVMMtAJZHwimzz11vAVvnf2tELoQ,2.857058687000972,398.341213000007,139.4235319044643,1740585747
3WFgeMMYTzhmEBAGw1s3N5fsYApNeL9gTr6xPbnGxAt3R8R22LGQLv9SVGCXXYxDAkPzAiMb84kyvues55yD3dXX,7.174015865995898,996.9876500000246,138.97204419712037,1740585541
44FTKzMi12thpCxcBep2bsNzNg6RVovzbfQcDULKV3ZpXKnohdyvrj8jGCTuq7uedRiUj2VRE1z7wx3hg8kPButS,21.24207492500136,2953.2607340000104,139.02882578217915,1740585691
4RjeSSeXTfvHBzZL4SVZpZ54xtLUKeiuAsoerER5zTB4NY4ZJmroRtEPVLabUQp2vqePaeCxNnaWVZafGEw6ox6q,3.593392522998329,499.5344099998474,139.01470735599895,1740585789
2g9PSTeumxZBZKQt1yKaddJwJkii2iqA4Qja6jsj2hwT1SMAgC4eEvrZhJ6rZvGfm6ik9CxCK3gnryZa59w32LFo,1.6281342180009233,226.0159809999168,138.8190104360233,1740585661
3bSKuFQxkapzD52SAWev1Kr9NFxRfXmEhZ7PesCKb2PqimLnVYvebuykYJYHeihvBscTH8B3HvkPqbHMLWCTWZ4N,38.4523976529963,5344.612488999963,138.99295792244305,1740585690
5EemaHoQrHhsJBF1Du3mvznchp4SiDmtdPZtsFKKbrggf17MkGmqRokNomV6mTWtwwgtsYFuSbDxdLfnPiT9TMYe,3.6018936190012028,500.0,138.81587100805297,1740585660
5zP9t2iU14TPBx224N7LFcFh4BMQRDJZSnaPYsS57ik8ypN7MN692LowFJzPxmy3MfY5S5Z2UPhDLgoMYXaiPpu3,3.5979584100059583,500.0,138.96769862861532,1740585690
5xq5RJbtAprbipLMBT6tTWyZhHRjvmeabEDyTx9K62SutLavKVys3JREaZAih5AXpjyhzPQ3hQqxGTZctzKCQ3ii,3.593392522998329,499.5499260001816,139.01902528125618,1740585789
34YCUHPPz1XCBYDyWxDSxdwXMS9yZa1D9bQfPoR8zyZxyCaxx8H8YyQBo2dBLHUTghon83TQM76kibWXXeWLv9Ea,3.5980703059976804,500.0,138.9633768874783,1740585689
3Yv5zbf6nvxovuKCDkvpy65rguxaCNvBpF9v578aBz4Zw6odtw7iz9MNkVntzw2SifoecQdBphe4zRV8g8vv6Sv9,3.5933925230056047,499.5654429998249,139.0233434843282,1740585789
4zKokNYjD51yy4BC2jLY39m4qtyTan9QSY3FkUdHguMSmoMf9t5obaNFCEf81SLCwrUbVvwzWH5yoizYCVDs7ufL,3.5981822070025373,500.0,138.95905522153214,1740585689
2a5oHVVwU355ifpdEtsa3ZWNJB6MCemp23PUxFe6mW1izNGVAzhLq76AMTqUzPKGWq4RcNiPZbR6MRfPp6NudecY,3.593392522998329,499.58096000016667,139.0276616881576,1740585789
4BZFGeWFPL5H4XZdMCpUyD1dkgtzseSbqWfkobHqnAKzsnuqRj9tLTij2QUztYQZRU5pwt2MuMM3Sd6UBfh3qyA,0.8332334680017084,115.84471699991263,139.03032157089868,1740585788
2QuuK7heURazQKYGMcn6eWtgTPagVYcjjbwxVCV4G3SKNM9ELJFNFABo4AJuNQyC2vcno8N8iTAYKMKAUNSXMrWm,64.26948146300128,8963.281304999953,139.46403644410827,1740585746
4rLENEDJnN3f74zxjkqYB9UJcdCRjZeaqrtLsp4hNa4geQHerLpyMFSEiiuo4sY4FKfQfKZiFx1KaEsmcmTXvRSP,3.6020058060021256,500.0,138.81154749024438,1740585660
3ZiRxpFW7gyLtZZEN6NzfnWaGrUpnbe7Xc5Y1K7HofjRus52g55q7PPJxev9fQeqfHxT7gzrnWDgFmJitg8D62Wi,3.581123601998115,499.5845949999057,139.50498517313355,1740585745
3diC625DhZvHnRx65Q2CnnFuhQ2VG4Kg1iGSZwzLKJ8zibX2jGjavsbqhGuiFqhSd9APv38H8xXfsQ4uDy3FRUFx,1.1826815139938844,164.3409110000357,138.95618478474458,1740585687
449FD6zQfJzLa59vM3iVhscsiJ7xnbK1grSrAiMYgybsfayVsYgEZd9YiCHy3VyNZm5oxsdvP81cKdufSVTnW9DT,42.41598408400023,5901.632645000005,139.1369968762829,1740585599
bApFGDWH9uYiYxYL8kNwVkX4V941fV1w9p8BN5LevtYgPSMukdCwgDQs4MDKetWJoAMLdmHNLrJgzkwANNQuCEK,4.964520776004065,690.607016999973,139.10849569569965,1740585599
4r1VC9ddgv26BYgRRwP1UFa78dPcqDMjgHTDkTzcdL7BEoZQYmqx6SC9sL4qp3S9CtM5vqMBHM51PFxQCkwMAfqn,4.000316281999403,556.456412000116,139.1031040480611,1740585599
65Ws4B6ySE2y54QNgV4bPeCjsdFuRpQ8dztfvqvFGm6RUZYmV8h1SgUG9VQ2BKBFEhsFaT4N6NUV6CVJ9zRxaGY8,6.066090631000407,843.7753129999619,139.09705019702423,1740585598
2kCL6QT8e4w72NqiXYs43cSDv7PcT9BZFZ6epnCq8DSoQtA343i33yYdDap2uSt4jPk7EDoXW5ZQZZsEdkj4H73E,3.5947626779961865,500.0,139.09124044837165,1740585598
63dRQAm5rEw2WNjYMuqWLtaUgxrpmN6YiRmHuxgvfsUBq3SGLtYzZ1gQRKCv7QrLWQFDsCvwApgcn19QRDFimCwL,6.073005516002013,844.6665659998544,139.0854271042909,1740585595
2CqVjE4pVVew4kDrTeX1bzAdPSEEgViBSEtA7eQcNvuJzysTWsTwgueseHsWQrnX9JmrY1WLfwRaS6we9ZESg6xL,3.5983308970025973,500.0,138.953313164306,1740585686
2xPkW7oMwTSbXZUPNGEAGkZvWPT6brn6jKqkVGYWXDc5P9wfSR4KmVxoqTQoBUdTDG2QYTEEWZU4WrDEmbXWf7F4,3.5984428099982324,500.0,138.94899166126962,1740585686
4uyaXx4ajnRCZqoaaZnZN9yBKBeMna6MWYxQrH4akZ4kkadAZAAHurm2psWmauAfX9riTEwKJhMa4NBssGPodmJ2,3.5985547290038085,500.0,138.9446701949745,1740585685
fHN4q6KpVUwJ6CmrsFrDz71fDfZZSYZp7bzwoZ9nmBbXLBJWeNHPmP8NQawEVCZV2ZQzyKEWBzdRgPJyTrLs158,3.5986666519966093,500.0,138.9403488435336,1740585685
67Jd8ySWJTYYueCcztTVtBz9QPEQFTnpowd52mD5DSQV5P2cHZCn4BbKwRcuoGDJigjt7v2u1vhCz8RGeexQYnrw,9.157410505998996,1273.5784920000006,139.076269559575,1740585595
dChHZZuZ2epwYyAFhuvxZr7adL3vDtz8otagmN79XKMHzyahQavHvdiLwdR9AmuCFNA1uixeXziMGWs5kUjKHfV,11.416334255001857,1587.6000000000931,139.06390304790835,1740585594
2JyCziBkg5A1PUCan1UPa4UWmRBLRCp6w1C71Rd3fzkZPtMQ4oBrh1ErLqEBd75R3m2uxrCvy8xnYbU2k91Ygfmv,3.5987785820034333,500.0,138.93602749009665,1740585685
2Txks5zsmyuEvSTeKiFhnv1QUwLCS3BrDRcL2CfMaxvGdVgdKQ4FHZSwvYm1t3KZ4vd4gu4mKNUhDJwAUPRNzxPW,3.599002446004306,500.0,138.92738543568132,1740585685
3sjr4ConDY38txeZXvDWgoHKfpJajHQNqgBPD3ypZRiWyF2FtyGiLhWpdfn5mD9rb41KE34s3cELMkiyMxKH838F,3.5991144299987354,500.0,138.92306280469546,1740585684
